Position,NAME,TEAM,GOALS SCORED,GAMES,GOALS PER MATCH,Assists_Position,ASSISTS,ASSISTS PER MATCH,Pass_Position,Completed Pass,Total Pass,Pass_Completion_Rate,Goals_Per_90,Assists_Scaled
250,AINGERU OLABARRIETA,ATHLETIC CLUB,0,0,0.0,239,0,0.0,566,0,0,78.37037287110228,5.637926011855362,-0.5650052570227949
145,AITOR PAREDES,ATHLETIC CLUB,1,28,0.04,239,0,0.0,33,1060,1250,84.8,3.214285714285714,-0.5650052570227949
27,ALEX BERENGUER,ATHLETIC CLUB,6,27,0.22,74,2,0.07,294,243,344,70.63953488372093,20.0,0.516714209414009
250,ANDER HERRERA,ATHLETIC CLUB,0,17,0.0,74,2,0.12,211,464,541,85.76709796672827,0.0,1.289370971154583
145,ASIER VILLALIBRE,ATHLETIC CLUB,1,13,0.08,137,1,0.08,434,66,93,70.96774193548387,6.923076923076923,0.6712455617621238
250,BEÑAT PRADOS,ATHLETIC CLUB,0,20,0.0,239,0,0.0,217,440,523,84.13001912045888,0.0,-0.5650052570227949
250,DANI VIVIAN,ATHLETIC CLUB,0,27,0.0,239,0,0.0,25,1112,1332,83.48348348348348,0.0,-0.5650052570227949
145,DANIEL GARCÍA CARRILLO,ATHLETIC CLUB,1,13,0.08,239,0,0.0,344,208,242,85.9504132231405,6.923076923076923,-0.5650052570227949
7,GORKA GURUZETA,ATHLETIC CLUB,13,29,0.45,46,3,0.1,205,378,553,68.35443037974683,40.3448275862069,0.9803082664583537
250,HUGO RINCÓN,ATHLETIC CLUB,0,0,0.0,239,0,0.0,566,0,0,78.37037287110228,5.637926011855362,-0.5650052570227949
145,IKER MUNIAIN,ATHLETIC CLUB,1,16,0.06,239,0,0.0,330,236,264,89.39393939393939,5.625,-0.5650052570227949
250,IMANOL GARCÍA DE ALBÉNIZ,ATHLETIC CLUB,0,6,0.0,239,0,0.0,359,170,200,85.0,0.0,-0.5650052570227949
17,IÑAKI WILLIAMS,ATHLETIC CLUB,9,27,0.33,46,3,0.11,166,477,656,72.71341463414635,30.0,1.1348396188064682
250,JAVIER MARTÓN,ATHLETIC CLUB,0,0,0.0,239,0,0.0,566,0,0,78.37037287110228,5.637926011855362,-0.5650052570227949
250,JULEN AGIRREZABALA,ATHLETIC CLUB,0,1,0.0,239,0,0.0,505,19,30,63.33333333333333,0.0,-0.5650052570227949
250,MALCOM ABDULAI ARES DJALÓ,ATHLETIC CLUB,0,10,0.0,239,0,0.0,471,51,61,83.60655737704919,0.0,-0.5650052570227949
250,MIKEL JAUREGIZAR,ATHLETIC CLUB,0,4,0.0,239,0,0.0,492,29,40,72.5,0.0,-0.5650052570227949
66,MIKEL VESGA,ATHLETIC CLUB,3,22,0.14,137,1,0.05,149,540,693,77.92207792207793,12.272727272727272,0.2076515047177793
66,NICHOLAS WILLIAMS ARTHUER,ATHLETIC CLUB,3,24,0.13,2,8,0.33,237,375,470,79.7872340425532,11.25,4.534529370464996
66,OIHAN SANCET,ATHLETIC CLUB,3,27,0.11,14,5,0.19,152,571,689,82.87373004354136,10.0,2.3710904375913873
250,PERU NOLASKOAIN,ATHLETIC CLUB,0,2,0.0,239,0,0.0,533,5,8,62.5,0.0,-0.5650052570227949
250,RAÚL GARCÍA,ATHLETIC CLUB,0,13,0.0,239,0,0.0,468,36,64,56.25,0.0,-0.5650052570227949
250,UNAI EGILUZ,ATHLETIC CLUB,0,0,0.0,239,0,0.0,566,0,0,78.37037287110228,5.637926011855362,-0.5650052570227949
95,UNAI GÓMEZ,ATHLETIC CLUB,2,20,0.1,239,0,0.0,394,114,150,76.0,9.0,-0.5650052570227949
250,UNAI SIMÓN,ATHLETIC CLUB,0,29,0.0,239,0,0.0,94,464,863,53.76593279258402,0.0,-0.5650052570227949
250,YERAY ÁLVAREZ,ATHLETIC CLUB,0,13,0.0,239,0,0.0,250,363,447,81.20805369127517,0.0,-0.5650052570227949
66,YURI BERCHICHE,ATHLETIC CLUB,3,22,0.14,137,1,0.05,109,662,812,81.5270935960591,12.272727272727272,0.2076515047177793
250,ÁLEX PADILLA,ATHLETIC CLUB,0,0,0.0,239,0,0.0,566,0,0,78.37037287110228,5.637926011855362,-0.5650052570227949
250,ÍÑIGO LEKUE,ATHLETIC CLUB,0,21,0.0,74,2,0.1,129,596,753,79.15006640106242,0.0,0.9803082664583537
145,ÍÑIGO RUÍZ DE GALARRETA,ATHLETIC CLUB,1,24,0.04,137,1,0.04,70,774,942,82.16560509554141,3.75,0.053120152369664414
145,ÓSCAR DE MARCOS,ATHLETIC CLUB,1,23,0.04,26,4,0.17,79,760,922,82.4295010845987,3.9130434782608696,2.0620277328951575
250,ADRIÁN NIÑO,ATLÉTICO DE MADRID,0,0,0.0,239,0,0.0,566,0,0,78.37037287110228,5.637926011855362,-0.5650052570227949
250,AITOR GISMERA,ATLÉTICO DE MADRID,0,0,0.0,239,0,0.0,566,0,0,78.37037287110228,5.637926011855362,-0.5650052570227949
11,ANTOINE GRIEZMANN,ATLÉTICO DE MADRID,11,26,0.42,10,6,0.23,63,808,976,82.78688524590164,38.07692307692307,2.989215846983847
250,ANTONIO GOMIS,ATLÉTICO DE MADRID,0,0,0.0,239,0,0.0,566,0,0,78.37037287110228,5.637926011855362,-0.5650052570227949
250,ARTHUR VERMEEREN,ATLÉTICO DE MADRID,0,3,0.0,239,0,0.0,472,48,60,80.0,0.0,-0.5650052570227949
95,AXEL WITSEL,ATLÉTICO DE MADRID,2,29,0.07,239,0,0.0,15,1421,1547,91.8552036199095,6.206896551724138,-0.5650052570227949
250,CÉSAR AZPILICUETA,ATLÉTICO DE MADRID,0,17,0.0,74,2,0.12,163,576,660,87.27272727272727,0.0,1.289370971154583
250,GABRIEL ARMANDO DE ABREU,ATLÉTICO DE MADRID,0,22,0.0,239,0,0.0,51,912,1057,86.28192999053927,0.0,-0.5650052570227949
250,HORATIU MOLDOVAN,ATLÉTICO DE MADRID,0,0,0.0,239,0,0.0,566,0,0,78.37037287110228,5.637926011855362,-0.5650052570227949
250,ILIAS KOSTIS,ATLÉTICO DE MADRID,0,0,0.0,239,0,0.0,566,0,0,78.37037287110228,5.637926011855362,-0.5650052570227949
250,IVO GRBIC,ATLÉTICO DE MADRID,0,0,0.0,239,0,0.0,566,0,0,78.37037287110228,5.637926011855362,-0.5650052570227949
250,JAN OBLAK,ATLÉTICO DE MADRID,0,30,0.0,239,0,0.0,160,471,666,70.72072072072072,0.0,-0.5650052570227949
250,JORGE RESURRECCIÓN MERODIO,ATLÉTICO DE MADRID,0,27,0.0,46,3,0.11,9,1550,1706,90.85580304806565,0.0,1.1348396188064682
250,JOSÉ GIMÉNEZ,ATLÉTICO DE MADRID,0,17,0.0,239,0,0.0,260,350,413,84.7457627118644,0.0,-0.5650052570227949
250,MARCO MORENO,ATLÉTICO DE MADRID,0,0,0.0,239,0,0.0,566,0,0,78.37037287110228,5.637926011855362,-0.5650052570227949
27,MARCOS LLORENTE,ATLÉTICO DE MADRID,6,30,0.2,46,3,0.1,107,690,829,83.23281061519904,18.0,0.9803082664583537
250,MARIO HERMOSO,ATLÉTICO DE MADRID,0,23,0.0,137,1,0.04,20,1255,1441,87.09229701596114,0.0,0.053120152369664414
38,MEMPHIS DEPAY,ATLÉTICO DE MADRID,5,20,0.25,137,1,0.05,351,169,225,75.1111111111111,22.5,0.2076515047177793
95,NAHUEL MOLINA,ATLÉTICO DE MADRID,2,26,0.08,46,3,0.12,86,685,884,77.48868778280543,6.923076923076923,1.289370971154583
250,PABLO BARRIOS,ATLÉTICO DE MADRID,0,19,0.0,137,1,0.05,140,614,717,85.63458856345886,0.0,0.2076515047177793
250,RAYANE BELAID,ATLÉTICO DE MADRID,0,0,0.0,239,0,0.0,566,0,0,78.37037287110228,5.637926011855362,-0.5650052570227949
145,REINILDO ISNARD MANDAVA,ATLÉTICO DE MADRID,1,9,0.11,137,1,0.11,314,255,292,87.32876712328768,10.0,1.1348396188064682
145,RODRIGO DE PAUL,ATLÉTICO DE MADRID,1,26,0.04,26,4,0.15,38,1010,1170,86.32478632478633,3.4615384615384617,1.7529650281989277
95,RODRIGO RIQUELME,ATLÉTICO DE MADRID,2,26,0.08,14,5,0.19,246,365,452,80.75221238938053,6.923076923076923,2.3710904375913873
250,SALIM EL JEBARI,ATLÉTICO DE MADRID,0,1,0.0,239,0,0.0,559,3,3,100.0,0.0,-0.5650052570227949
66,SAMUEL DIAS LINO,ATLÉTICO DE MADRID,3,26,0.12,74,2,0.08,143,585,707,82.74398868458275,10.384615384615385,0.6712455617621238
145,SAÚL ÑÍGUEZ,ATLÉTICO DE MADRID,1,29,0.03,14,5,0.17,188,493,606,81.35313531353135,3.103448275862069,2.0620277328951575
250,SERGIO MESTRE,ATLÉTICO DE MADRID,0,0,0.0,239,0,0.0,566,0,0,78.37037287110228,5.637926011855362,-0.5650052570227949
250,STEFAN SAVIC,ATLÉTICO DE MADRID,0,18,0.0,239,0,0.0,126,640,759,84.32147562582345,0.0,-0.5650052570227949
250,THOMAS LEMAR,ATLÉTICO DE MADRID,0,3,0.0,239,0,0.0,453,69,77,89.6103896103896,0.0,-0.5650052570227949
250,YANNICK CARRASCO,ATLÉTICO DE MADRID,0,3,0.0,137,1,0.33,457,58,75,77.33333333333333,0.0,4.534529370464996
5,ÁLVARO MORATA,ATLÉTICO DE MADRID,14,27,0.52,137,1,0.04,296,243,339,71.68141592920354,46.666666666666664,0.053120152369664414
24,ÁNGEL CORREA,ATLÉTICO DE MADRID,7,24,0.29,74,2,0.08,307,255,318,80.18867924528303,26.25,0.6712455617621238
250,ÇAGLAR SÖYÜNCÜ,ATLÉTICO DE MADRID,0,6,0.0,239,0,0.0,449,71,81,87.65432098765432,0.0,-0.5650052570227949
145,AIMAR OROZ,CA OSASUNA,1,29,0.03,137,1,0.03,81,752,914,82.27571115973743,3.103448275862069,-0.10141119997845045
250,AITOR FERNÁNDEZ,CA OSASUNA,0,5,0.0,239,0,0.0,416,78,119,65.54621848739495,0.0,-0.5650052570227949
145,ALEJANDRO CATENA,CA OSASUNA,1,23,0.04,74,2,0.09,59,830,1015,81.77339901477832,3.9130434782608696,0.8257769141102386
1,ANTE BUDIMIR,CA OSASUNA,16,30,0.53,74,2,0.07,261,222,410,54.146341463414636,48.0,0.516714209414009
250,ASIER OSAMBELA,CA OSASUNA,0,0,0.0,239,0,0.0,566,0,0,78.37037287110228,5.637926011855362,-0.5650052570227949
250,DARKO BRASANAC,CA OSASUNA,0,2,0.0,239,0,0.0,524,9,14,64.28571428571429,0.0,-0.5650052570227949
250,DAVID GARCÍA,CA OSASUNA,0,25,0.0,137,1,0.04,35,1029,1235,83.31983805668017,0.0,0.053120152369664414
250,DIMITRIOS STAMATAKIS,CA OSASUNA,0,0,0.0,239,0,0.0,566,0,0,78.37037287110228,5.637926011855362,-0.5650052570227949
47,IKER MUÑOZ,CA OSASUNA,4,20,0.2,239,0,0.0,176,483,635,76.06299212598425,18.0,-0.5650052570227949
250,IÑIGO ARGUIBIDE,CA OSASUNA,0,1,0.0,239,0,0.0,559,0,3,0.0,0.0,-0.5650052570227949
250,JAVI MARTÍNEZ,CA OSASUNA,0,0,0.0,239,0,0.0,566,0,0,78.37037287110228,5.637926011855362,-0.5650052570227949
145,JESÚS ARESO,CA OSASUNA,1,29,0.03,26,4,0.14,138,586,723,81.05117565698478,3.103448275862069,1.598433675850813
250,JOHAN MOJICA,CA OSASUNA,0,22,0.0,74,2,0.09,156,526,683,77.01317715959004,0.0,0.8257769141102386
250,JON MONCAYOLA,CA OSASUNA,0,26,0.0,46,3,0.12,127,613,758,80.87071240105541,0.0,1.289370971154583
250,JORGE HERRANDO,CA OSASUNA,0,11,0.0,239,0,0.0,295,271,343,79.00874635568513,0.0,-0.5650052570227949
95,JOSÉ ARNAIZ,CA OSASUNA,2,20,0.1,137,1,0.05,368,152,185,82.16216216216216,9.0,0.2076515047177793
250,JUAN CRUZ ÁLVARO ARMADA,CA OSASUNA,0,20,0.0,137,1,0.05,169,524,644,81.36645962732919,0.0,0.2076515047177793
250,KIKE BARJA,CA OSASUNA,0,16,0.0,239,0,0.0,438,78,90,86.66666666666667,0.0,-0.5650052570227949
250,LUCAS TORRÓ,CA OSASUNA,0,21,0.0,239,0,0.0,176,480,635,75.59055118110236,0.0,-0.5650052570227949
250,MAX SVENSSON,CA OSASUNA,0,0,0.0,239,0,0.0,566,0,0,78.37037287110228,5.637926011855362,-0.5650052570227949
95,MOI GÓMEZ,CA OSASUNA,2,23,0.09,239,0,0.0,72,783,938,83.47547974413646,7.826086956521739,-0.5650052570227949
145,PABLO IBÁÑEZ,CA OSASUNA,1,26,0.04,137,1,0.04,318,221,288,76.73611111111111,3.4615384615384617,0.053120152369664414
250,PABLO VALENCIA,CA OSASUNA,0,0,0.0,239,0,0.0,566,0,0,78.37037287110228,5.637926011855362,-0.5650052570227949
66,RAÚL GARCÍA,CA OSASUNA,3,27,0.11,239,0,0.0,364,117,192,60.9375,10.0,-0.5650052570227949
95,RUBÉN GARCÍA,CA OSASUNA,2,23,0.09,74,2,0.09,242,324,453,71.52317880794702,7.826086956521739,0.8257769141102386
250,RUBÉN PEÑA,CA OSASUNA,0,21,0.0,137,1,0.05,205,392,553,70.88607594936708,0.0,0.2076515047177793
250,SERGIO HERRERA,CA OSASUNA,0,26,0.0,239,0,0.0,95,516,856,60.280373831775705,0.0,-0.5650052570227949
145,UNAI GARCÍA,CA OSASUNA,1,7,0.14,239,0,0.0,375,142,178,79.7752808988764,12.857142857142856,-0.5650052570227949
250,AIHAM HANZ OUSOU,CÁDIZ CF,0,3,0.0,239,0,0.0,451,59,79,74.68354430379746,0.0,-0.5650052570227949
250,ARISTIDE NJALLA,CÁDIZ CF,0,0,0.0,239,0,0.0,566,0,0,78.37037287110228,5.637926011855362,-0.5650052570227949
250,BRIAN OCAMPO,CÁDIZ CF,0,10,0.0,239,0,0.0,469,42,63,66.66666666666666,0.0,-0.5650052570227949
38,CHRIS RAMOS,CÁDIZ CF,5,30,0.17,137,1,0.03,272,222,382,58.1151832460733,15.0,-0.10141119997845045
250,CONAN LEDESMA,CÁDIZ CF,0,27,0.0,239,0,0.0,92,468,872,53.669724770642205,0.0,-0.5650052570227949
47,DARWIN MACHÍS,CÁDIZ CF,4,19,0.21,239,0,0.0,356,153,212,72.16981132075472,18.94736842105263,-0.5650052570227949
250,DAVID GIL,CÁDIZ CF,0,4,0.0,239,0,0.0,425,50,108,46.2962962962963,0.0,-0.5650052570227949
250,DIADIÉ SAMASSÉKOU,CÁDIZ CF,0,2,0.0,239,0,0.0,510,24,25,96.0,0.0,-0.5650052570227949
250,ETTA EYONG,CÁDIZ CF,0,1,0.0,239,0,0.0,563,2,2,100.0,0.0,-0.5650052570227949
145,FEDE SAN EMETERIO,CÁDIZ CF,1,4,0.25,239,0,0.0,481,42,50,84.0,22.5,-0.5650052570227949
250,GONZALO ESCALANTE,CÁDIZ CF,0,19,0.0,74,2,0.11,231,360,479,75.15657620041753,0.0,1.1348396188064682
250,IVÁN ALEJO,CÁDIZ CF,0,26,0.0,74,2,0.08,325,175,278,62.94964028776978,0.0,0.6712455617621238
250,IZA CARCELÉN,CÁDIZ CF,0,28,0.0,239,0,0.0,129,559,753,74.23638778220452,0.0,-0.5650052570227949
145,JAVI HERNÁNDEZ,CÁDIZ CF,1,23,0.04,74,2,0.09,150,492,692,71.09826589595376,3.9130434782608696,0.8257769141102386
250,JORGE MERÉ,CÁDIZ CF,0,10,0.0,239,0,0.0,351,165,225,73.33333333333333,0.0,-0.5650052570227949
250,JOSEBA ZALDÚA,CÁDIZ CF,0,8,0.0,239,0,0.0,460,44,72,61.111111111111114,0.0,-0.5650052570227949
250,JOSÉ ANTONIO DE LA ROSA,CÁDIZ CF,0,0,0.0,239,0,0.0,566,0,0,78.37037287110228,5.637926011855362,-0.5650052570227949
250,JOSÉ MARI MARTÍN,CÁDIZ CF,0,3,0.0,239,0,0.0,517,16,20,80.0,0.0,-0.5650052570227949
66,JUAN MIGUEL JIMÉNEZ LÓPEZ,CÁDIZ CF,3,8,0.38,239,0,0.0,394,123,150,82.0,33.75,-0.5650052570227949
145,LUCAS PIRES SILVA,CÁDIZ CF,1,22,0.05,239,0,0.0,239,351,460,76.30434782608695,4.090909090909091,-0.5650052570227949
145,LUIS HERNÁNDEZ,CÁDIZ CF,1,9,0.11,239,0,0.0,311,238,303,78.54785478547855,10.0,-0.5650052570227949
250,MAXIMILIANO GÓMEZ,CÁDIZ CF,0,24,0.0,239,0,0.0,364,104,192,54.166666666666664,0.0,-0.5650052570227949
250,MILUTIN OSMAJIC,CÁDIZ CF,0,1,0.0,239,0,0.0,559,2,3,66.66666666666666,0.0,-0.5650052570227949
250,MOMO MBAYE,CÁDIZ CF,0,4,0.0,239,0,0.0,445,47,83,56.62650602409639,0.0,-0.5650052570227949
250,MOUSSA DIAKITÉ,CÁDIZ CF,0,1,0.0,239,0,0.0,566,0,0,78.37037287110228,0.0,-0.5650052570227949
250,RAFAEL JIMÉNEZ JARQUE,CÁDIZ CF,0,24,0.0,239,0,0.0,122,582,767,75.8800521512386,0.0,-0.5650052570227949
145,ROBERT NAVARRO,CÁDIZ CF,1,20,0.05,137,1,0.05,281,278,364,76.37362637362637,4.5,0.2076515047177793
95,ROGER MARTÍ,CÁDIZ CF,2,16,0.13,74,2,0.13,348,149,227,65.63876651982379,11.25,1.4439023235026982
250,ROMINIGUE KOUAMÉ,CÁDIZ CF,0,16,0.0,239,0,0.0,261,354,410,86.34146341463415,0.0,-0.5650052570227949
95,RUBÉN ALCARAZ,CÁDIZ CF,2,28,0.07,137,1,0.04,40,914,1132,80.74204946996466,6.428571428571428,0.053120152369664414
250,RUBÉN SOBRINO,CÁDIZ CF,0,25,0.0,137,1,0.04,269,292,389,75.06426735218508,0.0,0.053120152369664414
250,SERGI GUARDIOLA,CÁDIZ CF,0,18,0.0,137,1,0.06,400,105,142,73.94366197183099,0.0,0.36218285706589404
250,VICTOR CHUST,CÁDIZ CF,0,15,0.0,137,1,0.07,146,560,697,80.34433285509326,0.0,0.516714209414009
250,VICTOR WEHBI AZNAR USSEN,CÁDIZ CF,0,0,0.0,239,0,0.0,566,0,0,78.37037287110228,5.637926011855362,-0.5650052570227949
250,ÁLEX FERNÁNDEZ,CÁDIZ CF,0,21,0.0,239,0,0.0,257,365,430,84.88372093023256,0.0,-0.5650052570227949
250,ÁLEX MORATA,CÁDIZ CF,0,0,0.0,239,0,0.0,566,0,0,78.37037287110228,5.637926011855362,-0.5650052570227949
250,ÁLVARO BASTIDA,CÁDIZ CF,0,0,0.0,239,0,0.0,566,0,0,78.37037287110228,5.637926011855362,-0.5650052570227949
250,ÁLVARO NEGREDO,CÁDIZ CF,0,7,0.0,239,0,0.0,519,9,17,52.94117647058824,0.0,-0.5650052570227949
145,ABDE REBBACH,DEPORTIVO ALAVÉS,1,20,0.05,239,0,0.0,409,87,132,65.9090909090909,4.5,-0.5650052570227949
250,ABDEL ABQAR,DEPORTIVO ALAVÉS,0,21,0.0,239,0,0.0,174,469,637,73.62637362637363,0.0,-0.5650052570227949
250,ADRIÁN RODRÍGUEZ,DEPORTIVO ALAVÉS,0,0,0.0,239,0,0.0,566,0,0,78.37037287110228,5.637926011855362,-0.5650052570227949
145,ALEKSANDAR SEDLAR,DEPORTIVO ALAVÉS,1,11,0.09,239,0,0.0,264,342,403,84.863523573201,8.181818181818182,-0.5650052570227949
145,ANDER GUEVARA,DEPORTIVO ALAVÉS,1,29,0.03,239,0,0.0,31,975,1275,76.47058823529412,3.103448275862069,-0.5650052570227949
250,ANDER SÁNCHEZ,DEPORTIVO ALAVÉS,0,0,0.0,239,0,0.0,566,0,0,78.37037287110228,5.637926011855362,-0.5650052570227949
145,ANDONI GOROSABEL,DEPORTIVO ALAVÉS,1,29,0.03,239,0,0.0,97,688,845,81.42011834319527,3.103448275862069,-0.5650052570227949
250,ANTONIO BLANCO,DEPORTIVO ALAVÉS,0,27,0.0,137,1,0.04,106,651,831,78.33935018050542,0.0,0.053120152369664414
250,ANTONIO SIVERA,DEPORTIVO ALAVÉS,0,30,0.0,239,0,0.0,88,485,881,55.05107832009081,0.0,-0.5650052570227949
145,CARLOS BENAVÍDEZ,DEPORTIVO ALAVÉS,1,23,0.04,137,1,0.04,310,210,304,69.07894736842105,3.9130434782608696,0.053120152369664414
250,CARLOS VICENTE,DEPORTIVO ALAVÉS,0,11,0.0,74,2,0.18,390,100,159,62.893081761006286,0.0,2.216559085243272
250,EGOITZ MUÑOZ,DEPORTIVO ALAVÉS,0,0,0.0,239,0,0.0,566,0,0,78.37037287110228,5.637926011855362,-0.5650052570227949
250,ENEKO ORTIZ,DEPORTIVO ALAVÉS,0,0,0.0,239,0,0.0,566,0,0,78.37037287110228,5.637926011855362,-0.5650052570227949
250,GAIZKA GARCÍA,DEPORTIVO ALAVÉS,0,0,0.0,239,0,0.0,566,0,0,78.37037287110228,5.637926011855362,-0.5650052570227949
250,GIORGI GAGUA,DEPORTIVO ALAVÉS,0,0,0.0,239,0,0.0,566,0,0,78.37037287110228,5.637926011855362,-0.5650052570227949
250,GIULIANO SIMEONE,DEPORTIVO ALAVÉS,0,7,0.0,239,0,0.0,510,16,25,64.0,0.0,-0.5650052570227949
250,IANIS HAGI,DEPORTIVO ALAVÉS,0,18,0.0,137,1,0.06,377,130,176,73.86363636363636,0.0,0.36218285706589404
250,JAVI LÓPEZ,DEPORTIVO ALAVÉS,0,26,0.0,46,3,0.12,172,458,639,71.67449139280126,0.0,1.289370971154583
250,JESÚS OWONO,DEPORTIVO ALAVÉS,0,0,0.0,239,0,0.0,566,0,0,78.37037287110228,5.637926011855362,-0.5650052570227949
250,JOAQUÍN PANICHELLI,DEPORTIVO ALAVÉS,0,2,0.0,239,0,0.0,538,3,7,42.857142857142854,0.0,-0.5650052570227949
250,JON GURIDI,DEPORTIVO ALAVÉS,0,29,0.0,26,4,0.14,170,510,643,79.31570762052877,0.0,1.598433675850813
250,JOSEDA ÁLVAREZ,DEPORTIVO ALAVÉS,0,0,0.0,239,0,0.0,566,0,0,78.37037287110228,5.637926011855362,-0.5650052570227949
66,KIKE GARCÍA,DEPORTIVO ALAVÉS,3,27,0.11,239,0,0.0,355,150,219,68.4931506849315,10.0,-0.5650052570227949
47,LUIS RIOJA,DEPORTIVO ALAVÉS,4,30,0.13,26,4,0.13,187,453,608,74.50657894736842,12.0,1.4439023235026982
250,MAMADOU SYLLA,DEPORTIVO ALAVÉS,0,2,0.0,239,0,0.0,538,3,7,42.857142857142854,0.0,-0.5650052570227949
250,MIGUEL DE LA FUENTE,DEPORTIVO ALAVÉS,0,3,0.0,239,0,0.0,522,7,15,46.666666666666664,0.0,-0.5650052570227949
145,NAHUEL TENAGLIA,DEPORTIVO ALAVÉS,1,18,0.06,239,0,0.0,368,133,185,71.89189189189189,5.0,-0.5650052570227949
250,NIKOLA MARAS,DEPORTIVO ALAVÉS,0,0,0.0,239,0,0.0,566,0,0,78.37037287110228,5.637926011855362,-0.5650052570227949
250,RAFA MARÍN,DEPORTIVO ALAVÉS,0,27,0.0,239,0,0.0,99,699,841,83.115338882283,0.0,-0.5650052570227949
95,RUBÉN DUARTE,DEPORTIVO ALAVÉS,2,22,0.09,239,0,0.0,221,365,512,71.2890625,8.181818181818182,-0.5650052570227949
250,RÚBEN MONTERO,DEPORTIVO ALAVÉS,0,0,0.0,239,0,0.0,566,0,0,78.37037287110228,5.637926011855362,-0.5650052570227949
17,SAMU OMORODION,DEPORTIVO ALAVÉS,9,29,0.31,137,1,0.03,323,205,281,72.95373665480427,27.931034482758623,-0.10141119997845045
250,SELU DIALLO,DEPORTIVO ALAVÉS,0,0,0.0,239,0,0.0,566,0,0,78.37037287110228,5.637926011855362,-0.5650052570227949
250,TOMÁS MENDES,DEPORTIVO ALAVÉS,0,1,0.0,239,0,0.0,543,4,6,66.66666666666666,0.0,-0.5650052570227949
250,UNAI ROPERO,DEPORTIVO ALAVÉS,0,1,0.0,239,0,0.0,553,4,4,100.0,0.0,-0.5650052570227949
250,VICTOR PARADA,DEPORTIVO ALAVÉS,0,2,0.0,239,0,0.0,566,0,0,78.37037287110228,0.0,-0.5650052570227949
250,XEBER ALKAIN,DEPORTIVO ALAVÉS,0,9,0.0,239,0,0.0,457,57,75,76.0,0.0,-0.5650052570227949
250,ÁLEX SOLA,DEPORTIVO ALAVÉS,0,25,0.0,74,2,0.08,334,177,255,69.41176470588235,0.0,0.6712455617621238
250,ALEIX GARRIDO,FC BARCELONA,0,0,0.0,239,0,0.0,566,0,0,78.37037287110228,5.637926011855362,-0.5650052570227949
250,ALEJANDRO BALDE,FC BARCELONA,0,18,0.0,137,1,0.06,159,592,669,88.49028400597906,0.0,0.36218285706589404
250,ANDER ASTRALAGA,FC BARCELONA,0,0,0.0,239,0,0.0,566,0,0,78.37037287110228,5.637926011855362,-0.5650052570227949
250,ANDREAS CHRISTENSEN,FC BARCELONA,0,22,0.0,74,2,0.09,29,1230,1293,95.1276102088167,0.0,0.8257769141102386
250,ANSU FATI,FC BARCELONA,0,3,0.0,239,0,0.0,508,23,27,85.18518518518519,0.0,-0.5650052570227949
250,DIEGO KOCHEN,FC BARCELONA,0,0,0.0,239,0,0.0,566,0,0,78.37037287110228,5.637926011855362,-0.5650052570227949
66,FERMÍN LÓPEZ,FC BARCELONA,3,23,0.13,239,0,0.0,267,330,396,83.33333333333334,11.739130434782608,-0.5650052570227949
24,FERRAN TORRES,FC BARCELONA,7,22,0.32,74,2,0.09,292,275,347,79.2507204610951,28.636363636363637,0.8257769141102386
95,FRENKIE DE JONG,FC BARCELONA,2,19,0.11,239,0,0.0,11,1508,1621,93.02899444787168,9.473684210526315,-0.5650052570227949
250,HÉCTOR FORT,FC BARCELONA,0,4,0.0,137,1,0.25,428,91,101,90.0990099009901,0.0,3.298278551680076
250,IGNACIO PEÑA SOTORRES,FC BARCELONA,0,10,0.0,239,0,0.0,337,213,251,84.86055776892431,0.0,-0.5650052570227949
38,ILKAY GÜNDOGAN,FC BARCELONA,5,30,0.17,10,6,0.2,7,1667,1863,89.47933440687063,15.0,2.5256217899395024
27,JOÃO FÉLIX SEQUEIRA,FC BARCELONA,6,23,0.26,46,3,0.13,218,437,522,83.71647509578544,23.478260869565215,1.4439023235026982
95,JOÃO PEDRO CAVACO CANCELO,FC BARCELONA,2,25,0.08,46,3,0.12,32,1059,1266,83.64928909952607,7.2,1.289370971154583
145,JULES KOUNDÉ,FC BARCELONA,1,27,0.04,74,2,0.07,5,1753,1928,90.92323651452283,3.333333333333333,0.516714209414009
47,LAMINE YAMAL,FC BARCELONA,4,29,0.14,46,3,0.1,146,580,697,83.21377331420373,12.413793103448276,0.9803082664583537
250,MARC CASADÓ,FC BARCELONA,0,1,0.0,239,0,0.0,553,4,4,100.0,0.0,-0.5650052570227949
145,MARC GUIU,FC BARCELONA,1,3,0.33,239,0,0.0,533,8,8,100.0,30.0,-0.5650052570227949
250,MARC-ANDRÉ TER STEGEN,FC BARCELONA,0,20,0.0,239,0,0.0,167,576,651,88.47926267281106,0.0,-0.5650052570227949
250,MARCOS ALONSO,FC BARCELONA,0,4,0.0,239,0,0.0,415,110,121,90.9090909090909,0.0,-0.5650052570227949
250,MIKAYIL FAYE,FC BARCELONA,0,0,0.0,239,0,0.0,566,0,0,78.37037287110228,5.637926011855362,-0.5650052570227949
250,ORIOL ROMEU,FC BARCELONA,0,23,0.0,137,1,0.04,153,617,688,89.68023255813954,0.0,0.053120152369664414
145,PABLO MARTÍN PÁEZ GAVIRA,FC BARCELONA,1,12,0.08,137,1,0.08,216,481,526,91.4448669201521,7.5,0.6712455617621238
250,PAU CUBARSÍ,FC BARCELONA,0,11,0.0,239,0,0.0,88,809,881,91.82746878547105,0.0,-0.5650052570227949
250,PAU PRIM,FC BARCELONA,0,0,0.0,239,0,0.0,566,0,0,78.37037287110228,5.637926011855362,-0.5650052570227949
250,PAU VICTOR,FC BARCELONA,0,0,0.0,239,0,0.0,566,0,0,78.37037287110228,5.637926011855362,-0.5650052570227949
95,PEDRO GONZÁLEZ LÓPEZ,FC BARCELONA,2,16,0.13,74,2,0.13,119,676,780,86.66666666666667,11.25,1.4439023235026982
38,RAPHAEL DIAS BELLOLI,FC BARCELONA,5,22,0.23,4,7,0.32,229,385,481,80.04158004158003,20.454545454545453,4.37999801811688
7,ROBERT LEWANDOWSKI,FC BARCELONA,13,28,0.46,2,8,0.29,241,322,454,70.92511013215858,41.785714285714285,3.916403961072535
145,RONALD ARAUJO,FC BARCELONA,1,21,0.05,239,0,0.0,26,1173,1317,89.06605922551253,4.285714285714286,-0.5650052570227949
66,SERGI ROBERTO,FC BARCELONA,3,8,0.38,137,1,0.13,281,336,364,92.3076923076923,33.75,1.4439023235026982
250,UNAI HERNÁNDEZ,FC BARCELONA,0,0,0.0,239,0,0.0,566,0,0,78.37037287110228,5.637926011855362,-0.5650052570227949
95,VITOR HUGO ROQUE FERREIRA,FC BARCELONA,2,10,0.2,239,0,0.0,484,35,48,72.91666666666666,18.0,-0.5650052570227949
250,ÁRON YAAKOBISHVILI,FC BARCELONA,0,0,0.0,239,0,0.0,566,0,0,78.37037287110228,5.637926011855362,-0.5650052570227949
250,ÍÑIGO MARTÍNEZ,FC BARCELONA,0,15,0.0,239,0,0.0,115,703,794,88.53904282115869,0.0,-0.5650052570227949
250,ALEJANDRO HERRANZ,GETAFE CF,0,0,0.0,239,0,0.0,566,0,0,78.37037287110228,5.637926011855362,-0.5650052570227949
4,BORJA MAYORAL,GETAFE CF,15,27,0.56,137,1,0.04,214,414,533,77.6735459662289,50.0,0.053120152369664414
145,CARLES ALEÑÁ,GETAFE CF,1,24,0.04,137,1,0.04,312,239,299,79.93311036789298,3.75,0.053120152369664414
250,DAMIÁN SUÁREZ,GETAFE CF,0,16,0.0,74,2,0.13,230,340,480,70.83333333333334,0.0,1.4439023235026982
250,DANIEL CERANTOLA FUZATO,GETAFE CF,0,0,0.0,239,0,0.0,566,0,0,78.37037287110228,5.637926011855362,-0.5650052570227949
250,DAVID SORIA,GETAFE CF,0,30,0.0,239,0,0.0,75,434,933,46.51661307609861,0.0,-0.5650052570227949
250,DIEGO RICO,GETAFE CF,0,25,0.0,4,7,0.28,105,567,838,67.66109785202865,0.0,3.761872608724421
250,DJENÉ DAKONAM,GETAFE CF,0,26,0.0,239,0,0.0,114,627,797,78.67001254705144,0.0,-0.5650052570227949
250,DJORDJIJE MEDENICA,GETAFE CF,0,0,0.0,239,0,0.0,566,0,0,78.37037287110228,5.637926011855362,-0.5650052570227949
250,DOMINGOS DE SOUSA COUTINHO MENESES DUARTE,GETAFE CF,0,15,0.0,239,0,0.0,277,292,376,77.6595744680851,0.0,-0.5650052570227949
250,ENES ÜNAL,GETAFE CF,0,3,0.0,137,1,0.33,499,23,34,67.64705882352942,0.0,4.534529370464996
250,FABRIZIO ANGILERI,GETAFE CF,0,8,0.0,239,0,0.0,476,35,56,62.5,0.0,-0.5650052570227949
250,FACUNDO ESNÁIDER,GETAFE CF,0,0,0.0,239,0,0.0,566,0,0,78.37037287110228,5.637926011855362,-0.5650052570227949
145,GASTÓN ÁLVAREZ,GETAFE CF,1,27,0.04,239,0,0.0,144,521,705,73.90070921985816,3.333333333333333,-0.5650052570227949
250,GORKA RIVERA,GETAFE CF,0,1,0.0,239,0,0.0,547,4,5,80.0,0.0,-0.5650052570227949
250,ILAIX MORIBA,GETAFE CF,0,7,0.0,137,1,0.14,409,100,132,75.75757575757575,0.0,1.598433675850813
47,JAIME MATA,GETAFE CF,4,27,0.15,137,1,0.04,268,267,391,68.28644501278772,13.333333333333332,0.053120152369664414
145,JESÚS SANTIAGO PÉREZ,GETAFE CF,1,7,0.14,239,0,0.0,440,69,88,78.4090909090909,12.857142857142856,-0.5650052570227949
250,JOHN PATRICK,GETAFE CF,0,0,0.0,239,0,0.0,566,0,0,78.37037287110228,5.637926011855362,-0.5650052570227949
250,JORGE BENITO,GETAFE CF,0,0,0.0,239,0,0.0,566,0,0,78.37037287110228,5.637926011855362,-0.5650052570227949
250,JORGE MARTÍN,GETAFE CF,0,9,0.0,239,0,0.0,382,112,170,65.88235294117646,0.0,-0.5650052570227949
145,JOSÉ ÁNGEL CARMONA,GETAFE CF,1,22,0.05,137,1,0.05,348,169,227,74.44933920704845,4.090909090909091,0.2076515047177793
250,JUAN IGLESIAS,GETAFE CF,0,22,0.0,74,2,0.09,242,294,453,64.90066225165563,0.0,0.8257769141102386
95,JUANMI LATASA,GETAFE CF,2,25,0.08,239,0,0.0,308,165,310,53.2258064516129,7.2,-0.5650052570227949
250,LUIS MILLA,GETAFE CF,0,19,0.0,137,1,0.05,113,663,802,82.66832917705736,0.0,0.2076515047177793
27,MASON GREENWOOD,GETAFE CF,6,25,0.24,14,5,0.2,163,530,660,80.3030303030303,21.599999999999998,2.5256217899395024
250,MAURO ARAMBARRI,GETAFE CF,0,7,0.0,239,0,0.0,403,111,135,82.22222222222221,0.0,-0.5650052570227949
250,NABIL ABERDIN,GETAFE CF,0,0,0.0,239,0,0.0,566,0,0,78.37037287110228,5.637926011855362,-0.5650052570227949
47,NEMANJA MAKSIMOVIC,GETAFE CF,4,29,0.14,239,0,0.0,108,667,824,80.94660194174757,12.413793103448276,-0.5650052570227949
250,OMAR ALDERETE,GETAFE CF,0,23,0.0,137,1,0.04,151,438,691,63.38639652677279,0.0,0.053120152369664414
250,SANTIAGO GARCÍA,GETAFE CF,0,1,0.0,239,0,0.0,538,6,7,85.71428571428571,0.0,-0.5650052570227949
250,SERGIO GIMENO,GETAFE CF,0,0,0.0,239,0,0.0,566,0,0,78.37037287110228,5.637926011855362,-0.5650052570227949
145,STEFAN MITROVIC,GETAFE CF,1,11,0.09,239,0,0.0,337,191,251,76.09561752988047,8.181818181818182,-0.5650052570227949
145,ÓSCAR RODRÍGUEZ,GETAFE CF,1,17,0.06,239,0,0.0,327,213,271,78.59778597785979,5.294117647058823,-0.5650052570227949
66,ALEIX GARCÍA,GIRONA FC,3,29,0.1,10,6,0.21,2,1968,2148,91.62011173184358,9.310344827586206,2.6801531422876166
250,ANTAL YAAKOBISHVILI,GIRONA FC,0,1,0.0,239,0,0.0,489,37,42,88.09523809523809,0.0,-0.5650052570227949
250,ARNAU MARTÍNEZ,GIRONA FC,0,15,0.0,74,2,0.13,195,521,579,89.98272884283247,0.0,1.4439023235026982
1,ARTEM DOVBYK,GIRONA FC,16,28,0.57,14,5,0.18,314,208,292,71.23287671232876,51.42857142857142,2.216559085243272
250,BERNARDO ESPINOSA,GIRONA FC,0,2,0.0,239,0,0.0,533,7,8,87.5,0.0,-0.5650052570227949
250,BORJA GARCÍA,GIRONA FC,0,0,0.0,239,0,0.0,566,0,0,78.37037287110228,5.637926011855362,-0.5650052570227949
20,CRISTHIAN STUANI,GIRONA FC,8,28,0.29,74,2,0.07,426,76,106,71.69811320754717,25.71428571428571,0.516714209414009
47,CRISTIAN PORTUGUÉS MANZANERA,GIRONA FC,4,28,0.14,26,4,0.14,340,203,247,82.18623481781377,12.857142857142856,1.598433675850813
145,DALEY BLIND,GIRONA FC,1,26,0.04,74,2,0.08,6,1704,1899,89.73143759873618,3.4615384615384617,0.6712455617621238
95,DAVID LÓPEZ,GIRONA FC,2,18,0.11,239,0,0.0,39,1055,1146,92.05933682373472,10.0,-0.5650052570227949
95,ERIC GARCÍA,GIRONA FC,2,24,0.08,239,0,0.0,13,1439,1593,90.33270558694288,7.5,-0.5650052570227949
250,ERIC MONJONELL,GIRONA FC,0,0,0.0,239,0,0.0,566,0,0,78.37037287110228,5.637926011855362,-0.5650052570227949
250,IBRAHIMA KÉBÉ,GIRONA FC,0,2,0.0,239,0,0.0,533,5,8,62.5,0.0,-0.5650052570227949
250,IKER ALMENA,GIRONA FC,0,0,0.0,239,0,0.0,566,0,0,78.37037287110228,5.637926011855362,-0.5650052570227949
47,IVÁN MARTÍN,GIRONA FC,4,29,0.14,74,2,0.07,34,1147,1246,92.0545746388443,12.413793103448276,0.516714209414009
250,JASTIN GARCÍA,GIRONA FC,0,2,0.0,239,0,0.0,563,1,2,50.0,0.0,-0.5650052570227949
250,JHON SOLÍS,GIRONA FC,0,15,0.0,239,0,0.0,379,145,174,83.33333333333334,0.0,-0.5650052570227949
250,JUAN CARLOS MARTÍN CORRAL,GIRONA FC,0,0,0.0,239,0,0.0,566,0,0,78.37037287110228,5.637926011855362,-0.5650052570227949
250,JUAN PEDRO RAMÍREZ LÓPEZ,GIRONA FC,0,15,0.0,239,0,0.0,222,464,510,90.98039215686275,0.0,-0.5650052570227949
250,MANU VALLEJO,GIRONA FC,0,0,0.0,239,0,0.0,566,0,0,78.37037287110228,5.637926011855362,-0.5650052570227949
145,MIGUEL GUTIÉRREZ,GIRONA FC,1,28,0.04,26,4,0.14,30,1126,1280,87.96875,3.214285714285714,1.598433675850813
250,PABLO TORRE,GIRONA FC,0,21,0.0,74,2,0.1,288,299,353,84.70254957507082,0.0,0.9803082664583537
250,PAULO GAZZANIGA,GIRONA FC,0,30,0.0,239,0,0.0,65,719,965,74.5077720207254,0.0,-0.5650052570227949
250,RICARD ARTERO,GIRONA FC,0,0,0.0,239,0,0.0,566,0,0,78.37037287110228,5.637926011855362,-0.5650052570227949
250,SANTIAGO BUENO,GIRONA FC,0,0,0.0,239,0,0.0,566,0,0,78.37037287110228,5.637926011855362,-0.5650052570227949
250,SILVI CLUA,GIRONA FC,0,1,0.0,239,0,0.0,547,5,5,100.0,0.0,-0.5650052570227949
20,SÁVIO MOREIRA DE OLIVEIRA,GIRONA FC,8,29,0.28,4,7,0.24,137,594,726,81.81818181818183,24.82758620689655,3.1437471993319615
250,TONI FUIDIAS,GIRONA FC,0,0,0.0,239,0,0.0,566,0,0,78.37037287110228,5.637926011855362,-0.5650052570227949
95,VALERY FERNÁNDEZ,GIRONA FC,2,22,0.09,239,0,0.0,385,149,167,89.22155688622755,8.181818181818182,-0.5650052570227949
27,VIKTOR TSYGANKOV,GIRONA FC,6,24,0.25,26,4,0.17,180,525,632,83.06962025316456,22.5,2.0620277328951575
145,YAN BUENO COUTO,GIRONA FC,1,28,0.04,4,7,0.25,71,773,941,82.14665249734325,3.214285714285714,3.298278551680076
47,YANGEL HERRERA,GIRONA FC,4,21,0.19,239,0,0.0,117,690,785,87.89808917197452,17.142857142857142,-0.5650052570227949
250,ADRI LÓPEZ,GRANADA CF,0,0,0.0,239,0,0.0,566,0,0,78.37037287110228,5.637926011855362,-0.5650052570227949
250,ADRIÀ MIQUEL BOSCH,GRANADA CF,0,1,0.0,239,0,0.0,524,11,14,78.57142857142857,0.0,-0.5650052570227949
250,ALBERTO PEREA,GRANADA CF,0,2,0.0,239,0,0.0,543,6,6,100.0,0.0,-0.5650052570227949
250,ALBERTO SORO,GRANADA CF,0,1,0.0,239,0,0.0,559,3,3,100.0,0.0,-0.5650052570227949
250,ANDRÉ FILIPE MAGALHÃES RIBEIRO FERREIRA,GRANADA CF,0,15,0.0,239,0,0.0,261,272,410,66.34146341463415,0.0,-0.5650052570227949
250,AUGUSTO BATALLA,GRANADA CF,0,12,0.0,239,0,0.0,249,262,448,58.48214285714286,0.0,-0.5650052570227949
145,BRUNO MÉNDEZ,GRANADA CF,1,10,0.1,239,0,0.0,279,271,374,72.45989304812835,9.0,-0.5650052570227949
27,BRYAN ZARAGOZA,GRANADA CF,6,21,0.29,74,2,0.1,298,221,337,65.57863501483679,25.71428571428571,0.9803082664583537
250,CARLOS NEVA,GRANADA CF,0,29,0.0,74,2,0.07,59,779,1015,76.7487684729064,0.0,0.516714209414009
250,EGHOSA BELLO,GRANADA CF,0,0,0.0,239,0,0.0,566,0,0,78.37037287110228,5.637926011855362,-0.5650052570227949
145,FACUNDO PELLISTRI,GRANADA CF,1,8,0.13,137,1,0.13,401,106,139,76.2589928057554,11.25,1.4439023235026982
250,FAITOUT MAOUASSA,GRANADA CF,0,4,0.0,137,1,0.25,494,24,39,61.53846153846154,0.0,3.298278551680076
250,FAMARA DIÉDHIOU,GRANADA CF,0,8,0.0,137,1,0.13,496,19,38,50.0,0.0,1.4439023235026982
250,FRAN ÁRBOL,GRANADA CF,0,0,0.0,239,0,0.0,566,0,0,78.37037287110228,5.637926011855362,-0.5650052570227949
250,GERARD GUMBAU,GRANADA CF,0,27,0.0,46,3,0.11,53,816,1045,78.08612440191386,0.0,1.1348396188064682
145,GONZALO VILLAR,GRANADA CF,1,27,0.04,46,3,0.11,112,671,803,83.56164383561644,3.333333333333333,1.1348396188064682
145,IGNASI MIQUEL,GRANADA CF,1,29,0.03,137,1,0.03,24,1130,1358,83.21060382916053,3.103448275862069,-0.10141119997845045
250,JESÚS VALLEJO,GRANADA CF,0,3,0.0,239,0,0.0,449,74,81,91.35802469135803,0.0,-0.5650052570227949
250,JOSÉ ANTONIO RODRÍGUEZ DÍAZ,GRANADA CF,0,25,0.0,74,2,0.08,380,134,173,77.45664739884393,0.0,0.6712455617621238
250,JOSÉ CALLEJÓN,GRANADA CF,0,20,0.0,137,1,0.05,343,198,243,81.48148148148148,0.0,0.2076515047177793
250,KAMIL JÓZWIAK,GRANADA CF,0,6,0.0,239,0,0.0,475,35,58,60.3448275862069,0.0,-0.5650052570227949
250,KAMIL PIATKOWSKI,GRANADA CF,0,5,0.0,239,0,0.0,384,146,168,86.90476190476191,0.0,-0.5650052570227949
250,LASSINA SANGARE,GRANADA CF,0,0,0.0,239,0,0.0,566,0,0,78.37037287110228,5.637926011855362,-0.5650052570227949
66,LUCAS BOYÉ,GRANADA CF,3,23,0.13,46,3,0.13,258,309,422,73.22274881516587,11.739130434782608,1.4439023235026982
250,MARC MARTÍNEZ,GRANADA CF,0,0,0.0,239,0,0.0,566,0,0,78.37037287110228,5.637926011855362,-0.5650052570227949
250,MARIO GONZÁLEZ,GRANADA CF,0,0,0.0,239,0,0.0,566,0,0,78.37037287110228,5.637926011855362,-0.5650052570227949
250,MARTIN HONGLA,GRANADA CF,0,8,0.0,239,0,0.0,366,160,191,83.7696335078534,0.0,-0.5650052570227949
250,MATÍAS AREZO,GRANADA CF,0,9,0.0,239,0,0.0,485,29,46,63.04347826086957,0.0,-0.5650052570227949
145,MIGUEL RUBIO,GRANADA CF,1,12,0.08,239,0,0.0,220,413,518,79.72972972972973,7.5,-0.5650052570227949
17,MYRTO UZUNI,GRANADA CF,9,29,0.31,137,1,0.03,332,203,258,78.68217054263566,27.931034482758623,-0.10141119997845045
250,NJEGOS PETROVIC,GRANADA CF,0,10,0.0,239,0,0.0,452,66,78,84.61538461538461,0.0,-0.5650052570227949
250,PABLO SÁENZ,GRANADA CF,0,0,0.0,239,0,0.0,566,0,0,78.37037287110228,5.637926011855362,-0.5650052570227949
250,POL TRISTÁN,GRANADA CF,0,0,0.0,239,0,0.0,566,0,0,78.37037287110228,5.637926011855362,-0.5650052570227949
250,RAÚL FERNÁNDEZ,GRANADA CF,0,4,0.0,239,0,0.0,433,59,95,62.10526315789474,0.0,-0.5650052570227949
250,RAÚL TORRENTE,GRANADA CF,0,14,0.0,239,0,0.0,174,508,637,79.74882260596546,0.0,-0.5650052570227949
66,RICARD SÁNCHEZ,GRANADA CF,3,28,0.11,239,0,0.0,142,535,709,75.45839210155148,9.642857142857142,-0.5650052570227949
250,SERGIO RUIZ,GRANADA CF,0,27,0.0,74,2,0.07,62,849,987,86.01823708206688,0.0,0.516714209414009
250,SHON WEISSMAN,GRANADA CF,0,5,0.0,239,0,0.0,528,9,12,75.0,0.0,-0.5650052570227949
145,THEO CORBEANU,GRANADA CF,1,6,0.17,239,0,0.0,498,27,35,77.14285714285715,15.0,-0.5650052570227949
250,VÍCTOR DÍAZ,GRANADA CF,0,4,0.0,239,0,0.0,461,45,69,65.21739130434783,0.0,-0.5650052570227949
250,WILSON MIGUEIS MANAFÁ JANCÓ,GRANADA CF,0,4,0.0,239,0,0.0,431,75,98,76.53061224489795,0.0,-0.5650052570227949
250,ÁLVARO FERNÁNDEZ,GRANADA CF,0,13,0.0,239,0,0.0,366,150,191,78.53403141361257,0.0,-0.5650052570227949
250,ÓSCAR MELENDO,GRANADA CF,0,22,0.0,239,0,0.0,281,299,364,82.14285714285714,0.0,-0.5650052570227949
145,ABDUL MUMIN,RAYO VALLECANO,1,13,0.08,239,0,0.0,247,359,451,79.6008869179601,6.923076923076923,-0.5650052570227949
250,ALFONSO ESPINO,RAYO VALLECANO,0,28,0.0,137,1,0.04,58,772,1024,75.390625,0.0,0.053120152369664414
250,ANDREI RATIU,RAYO VALLECANO,0,8,0.0,239,0,0.0,401,106,139,76.2589928057554,0.0,-0.5650052570227949
250,ARIDANE HERNÁNDEZ,RAYO VALLECANO,0,18,0.0,239,0,0.0,139,616,721,85.43689320388349,0.0,-0.5650052570227949
250,DANI CÁRDENAS,RAYO VALLECANO,0,0,0.0,239,0,0.0,566,0,0,78.37037287110228,5.637926011855362,-0.5650052570227949
250,DIEGO MÉNDEZ,RAYO VALLECANO,0,1,0.0,239,0,0.0,563,2,2,100.0,0.0,-0.5650052570227949
95,FLORIAN LEJEUNE,RAYO VALLECANO,2,29,0.07,137,1,0.03,14,1284,1569,81.83556405353728,6.206896551724138,-0.10141119997845045
66,ISI PALAZÓN,RAYO VALLECANO,3,29,0.1,137,1,0.03,96,630,848,74.29245283018868,9.310344827586206,-0.10141119997845045
250,IVÁN BALLIU,RAYO VALLECANO,0,27,0.0,239,0,0.0,99,646,841,76.81331747919144,0.0,-0.5650052570227949
145,JORGE DE FRUTOS,RAYO VALLECANO,1,28,0.04,239,0,0.0,323,211,281,75.08896797153025,3.214285714285714,-0.5650052570227949
250,JORGE MORENO,RAYO VALLECANO,0,0,0.0,239,0,0.0,566,0,0,78.37037287110228,5.637926011855362,-0.5650052570227949
250,JOSÉ POZO,RAYO VALLECANO,0,2,0.0,239,0,0.0,531,11,11,100.0,0.0,-0.5650052570227949
145,KIKE PÉREZ,RAYO VALLECANO,1,22,0.05,239,0,0.0,301,259,326,79.4478527607362,4.090909090909091,-0.5650052570227949
250,MARTÍN PASCUAL,RAYO VALLECANO,0,0,0.0,239,0,0.0,566,0,0,78.37037287110228,5.637926011855362,-0.5650052570227949
250,MIGUEL CRESPO DA SILVA,RAYO VALLECANO,0,7,0.0,239,0,0.0,403,115,135,85.18518518518519,0.0,-0.5650052570227949
250,MIGUEL ÁNGEL MORRO,RAYO VALLECANO,0,0,0.0,239,0,0.0,566,0,0,78.37037287110228,5.637926011855362,-0.5650052570227949
250,PABLO MUÑOZ,RAYO VALLECANO,0,0,0.0,239,0,0.0,566,0,0,78.37037287110228,5.637926011855362,-0.5650052570227949
145,PATHÉ CISS,RAYO VALLECANO,1,24,0.04,239,0,0.0,154,570,687,82.96943231441048,3.75,-0.5650052570227949
250,PEP CHAVARRÍA,RAYO VALLECANO,0,15,0.0,137,1,0.07,288,280,353,79.3201133144476,0.0,0.516714209414009
145,RADAMEL FALCAO,RAYO VALLECANO,1,16,0.06,239,0,0.0,466,51,65,78.46153846153847,5.625,-0.5650052570227949
145,RANDY NTEKA,RAYO VALLECANO,1,11,0.09,137,1,0.09,403,97,135,71.85185185185186,8.181818181818182,0.8257769141102386
145,RAÚL DE TOMÁS,RAYO VALLECANO,1,22,0.05,74,2,0.09,345,192,240,80.0,4.090909090909091,0.8257769141102386
250,SALVI SÁNCHEZ,RAYO VALLECANO,0,1,0.0,239,0,0.0,528,10,12,83.33333333333334,0.0,-0.5650052570227949
66,SERGIO CAMELLO,RAYO VALLECANO,3,25,0.12,137,1,0.04,318,220,288,76.38888888888889,10.799999999999999,0.053120152369664414
250,STOLE DIMITRIEVSKI,RAYO VALLECANO,0,30,0.0,239,0,0.0,98,464,844,54.976303317535546,0.0,-0.5650052570227949
95,TIAGO MANUEL DIAS CORREIA,RAYO VALLECANO,2,16,0.13,239,0,0.0,479,36,52,69.23076923076923,11.25,-0.5650052570227949
145,UNAI LÓPEZ,RAYO VALLECANO,1,27,0.04,74,2,0.07,52,885,1051,84.20551855375832,3.333333333333333,0.516714209414009
27,ÁLVARO GARCÍA,RAYO VALLECANO,6,26,0.23,137,1,0.04,199,381,564,67.5531914893617,20.76923076923077,0.053120152369664414
250,ÓSCAR TREJO,RAYO VALLECANO,0,24,0.0,239,0,0.0,215,442,527,83.87096774193549,0.0,-0.5650052570227949
145,ÓSCAR VALENTÍN,RAYO VALLECANO,1,27,0.04,239,0,0.0,55,834,1032,80.81395348837209,3.333333333333333,-0.5650052570227949
250,AGUSTÍN MARCHESÍN,RC CELTA,0,0,0.0,239,0,0.0,566,0,0,78.37037287110228,5.637926011855362,-0.5650052570227949
145,CARL STARFELT,RC CELTA,1,23,0.04,239,0,0.0,103,733,840,87.26190476190476,3.9130434782608696,-0.5650052570227949
145,CARLES PÉREZ,RC CELTA,1,11,0.09,239,0,0.0,396,123,149,82.5503355704698,8.181818181818182,-0.5650052570227949
250,CARLOS DOMÍNGUEZ,RC CELTA,0,16,0.0,239,0,0.0,202,433,558,77.59856630824373,0.0,-0.5650052570227949
250,CARLOS DOTOR,RC CELTA,0,16,0.0,239,0,0.0,302,273,324,84.25925925925925,0.0,-0.5650052570227949
250,COKE CARRILLO,RC CELTA,0,0,0.0,239,0,0.0,566,0,0,78.37037287110228,5.637926011855362,-0.5650052570227949
250,DAMIÁN RODRÍGUEZ,RC CELTA,0,1,0.0,239,0,0.0,524,13,14,92.85714285714286,0.0,-0.5650052570227949
250,FRAN BELTRÁN,RC CELTA,0,25,0.0,239,0,0.0,68,811,947,85.6388595564942,0.0,-0.5650052570227949
250,FRANCO CERVI,RC CELTA,0,14,0.0,239,0,0.0,357,175,209,83.73205741626795,0.0,-0.5650052570227949
250,GABRI VEIGA,RC CELTA,0,1,0.0,239,0,0.0,553,3,4,75.0,0.0,-0.5650052570227949
250,GONÇALO MENDES PACIÊNCIA,RC CELTA,0,0,0.0,239,0,0.0,566,0,0,78.37037287110228,5.637926011855362,-0.5650052570227949
250,HUGO SOTELO,RC CELTA,0,13,0.0,239,0,0.0,278,344,375,91.73333333333333,0.0,-0.5650052570227949
250,HUGO ÁLVAREZ,RC CELTA,0,5,0.0,239,0,0.0,406,121,134,90.29850746268657,0.0,-0.5650052570227949
38,IAGO ASPAS,RC CELTA,5,27,0.19,10,6,0.22,99,662,841,78.71581450653984,16.666666666666664,2.8346844946357317
250,IVÁN VILLAR,RC CELTA,0,10,0.0,239,0,0.0,353,121,223,54.26008968609865,0.0,-0.5650052570227949
250,JAVI DOMÍNGUEZ,RC CELTA,0,0,0.0,239,0,0.0,566,0,0,78.37037287110228,5.637926011855362,-0.5650052570227949
250,JAVI RODRÍGUEZ,RC CELTA,0,0,0.0,239,0,0.0,566,0,0,78.37037287110228,5.637926011855362,-0.5650052570227949
250,JAVIER MANQUILLO,RC CELTA,0,6,0.0,137,1,0.17,389,125,164,76.21951219512195,0.0,2.0620277328951575
250,JAÍLSON MARQUES SIQUEIRA,RC CELTA,0,8,0.0,137,1,0.13,398,106,143,74.12587412587412,0.0,1.4439023235026982
95,JONATHAN BAMBA,RC CELTA,2,22,0.09,74,2,0.09,190,482,602,80.06644518272425,8.181818181818182,0.8257769141102386
250,JOSEPH AIDOO,RC CELTA,0,6,0.0,239,0,0.0,371,142,181,78.45303867403315,0.0,-0.5650052570227949
12,JØRGEN STRAND LARSEN,RC CELTA,10,30,0.33,74,2,0.07,228,335,482,69.50207468879668,30.0,0.516714209414009
250,KEVIN VÁZQUEZ,RC CELTA,0,11,0.0,239,0,0.0,336,184,252,73.01587301587301,0.0,-0.5650052570227949
145,LUCA DE LA TORRE,RC CELTA,1,26,0.04,26,4,0.15,161,550,665,82.70676691729322,3.4615384615384617,1.7529650281989277
250,MANU SÁNCHEZ,RC CELTA,0,24,0.0,14,5,0.21,191,458,598,76.58862876254182,0.0,2.6801531422876166
250,MIGUEL RODRÍGUEZ,RC CELTA,0,11,0.0,239,0,0.0,474,46,59,77.96610169491525,0.0,-0.5650052570227949
250,MIHAILO RISTIC,RC CELTA,0,11,0.0,239,0,0.0,290,258,351,73.50427350427351,0.0,-0.5650052570227949
250,RAÚL GARCÍA,RC CELTA,0,0,0.0,239,0,0.0,566,0,0,78.37037287110228,5.637926011855362,-0.5650052570227949
250,RENATO TAPIA,RC CELTA,0,19,0.0,239,0,0.0,163,503,660,76.2121212121212,0.0,-0.5650052570227949
145,TADEO ALLENDE,RC CELTA,1,6,0.17,239,0,0.0,466,41,65,63.07692307692307,15.0,-0.5650052570227949
47,TASOS DOUVIKAS,RC CELTA,4,25,0.16,239,0,0.0,412,80,128,62.5,14.4,-0.5650052570227949
145,UNAI NÚÑEZ,RC CELTA,1,29,0.03,239,0,0.0,18,1156,1469,78.6929884275017,3.103448275862069,-0.5650052570227949
250,VICENTE GUAITA,RC CELTA,0,21,0.0,239,0,0.0,218,320,522,61.30268199233716,0.0,-0.5650052570227949
66,WILLIOT SWEDBERG,RC CELTA,3,10,0.3,239,0,0.0,501,24,33,72.72727272727273,27.0,-0.5650052570227949
95,ÓSCAR MINGUEZA,RC CELTA,2,30,0.07,74,2,0.07,43,874,1099,79.52684258416743,6.0,0.516714209414009
38,ABDÓN PRATS,RCD MALLORCA,5,26,0.19,137,1,0.04,363,113,195,57.948717948717956,17.30769230769231,0.053120152369664414
250,ALEJANDRO QUEVEDO,RCD MALLORCA,0,0,0.0,239,0,0.0,566,0,0,78.37037287110228,5.637926011855362,-0.5650052570227949
250,AMATH NDIAYE,RCD MALLORCA,0,15,0.0,239,0,0.0,427,73,104,70.1923076923077,0.0,-0.5650052570227949
250,ANTONIO LATORRE GRUESO,RCD MALLORCA,0,23,0.0,137,1,0.04,255,332,433,76.6743648960739,0.0,0.053120152369664414
66,ANTONIO RAÍLLO,RCD MALLORCA,3,18,0.17,239,0,0.0,148,590,696,84.77011494252874,15.0,-0.5650052570227949
66,ANTONIO SÁNCHEZ,RCD MALLORCA,3,23,0.13,137,1,0.04,265,290,401,72.31920199501248,11.739130434782608,0.053120152369664414
95,CYLE LARIN,RCD MALLORCA,2,28,0.07,74,2,0.07,346,157,239,65.69037656903765,6.428571428571428,0.516714209414009
95,DANI RODRÍGUEZ,RCD MALLORCA,2,28,0.07,26,4,0.14,185,471,617,76.33711507293354,6.428571428571428,1.598433675850813
250,DANIEL LUNA,RCD MALLORCA,0,0,0.0,239,0,0.0,566,0,0,78.37037287110228,5.637926011855362,-0.5650052570227949
250,DAVID LÓPEZ,RCD MALLORCA,0,0,0.0,239,0,0.0,566,0,0,78.37037287110228,5.637926011855362,-0.5650052570227949
250,DOMINIK GREIF,RCD MALLORCA,0,1,0.0,239,0,0.0,507,21,29,72.41379310344827,0.0,-0.5650052570227949
250,GIOVANNI GONZÁLEZ,RCD MALLORCA,0,28,0.0,137,1,0.04,118,592,782,75.70332480818415,0.0,0.053120152369664414
250,IVÁN CUÉLLAR,RCD MALLORCA,0,0,0.0,239,0,0.0,566,0,0,78.37037287110228,5.637926011855362,-0.5650052570227949
250,JAUME COSTA,RCD MALLORCA,0,25,0.0,239,0,0.0,236,356,471,75.58386411889597,0.0,-0.5650052570227949
145,JAVI LLABRÉS,RCD MALLORCA,1,14,0.07,239,0,0.0,479,40,52,76.92307692307693,6.428571428571428,-0.5650052570227949
145,JOSÉ MANUEL ARIAS COPETE,RCD MALLORCA,1,15,0.07,239,0,0.0,252,339,439,77.22095671981776,6.0,-0.5650052570227949
250,MANU MORLANES,RCD MALLORCA,0,27,0.0,137,1,0.04,194,495,592,83.61486486486487,0.0,0.053120152369664414
250,MARCOS FERNÁNDEZ,RCD MALLORCA,0,0,0.0,239,0,0.0,566,0,0,78.37037287110228,5.637926011855362,-0.5650052570227949
250,MARTIN VALJENT,RCD MALLORCA,0,22,0.0,239,0,0.0,136,586,730,80.27397260273973,0.0,-0.5650052570227949
95,MATIJA NASTASIC,RCD MALLORCA,2,22,0.09,239,0,0.0,123,609,763,79.81651376146789,8.181818181818182,-0.5650052570227949
250,MIGUEL MARTÍN GARCÍA,RCD MALLORCA,0,0,0.0,239,0,0.0,566,0,0,78.37037287110228,5.637926011855362,-0.5650052570227949
145,NACHO VIDAL,RCD MALLORCA,1,12,0.08,239,0,0.0,411,97,131,74.04580152671755,7.5,-0.5650052570227949
250,NEMANJA RADONJIC,RCD MALLORCA,0,5,0.0,239,0,0.0,487,30,44,68.18181818181817,0.0,-0.5650052570227949
250,OMAR MASCARELL,RCD MALLORCA,0,21,0.0,239,0,0.0,198,465,571,81.43607705779334,0.0,-0.5650052570227949
250,PABLO MAFFEO,RCD MALLORCA,0,17,0.0,74,2,0.12,304,211,322,65.527950310559,0.0,1.289370971154583
250,PAU MASCARÓ,RCD MALLORCA,0,0,0.0,239,0,0.0,566,0,0,78.37037287110228,5.637926011855362,-0.5650052570227949
250,PERE GARCÍA,RCD MALLORCA,0,0,0.0,239,0,0.0,566,0,0,78.37037287110228,5.637926011855362,-0.5650052570227949
250,PREDRAG RAJKOVIC,RCD MALLORCA,0,29,0.0,239,0,0.0,81,505,914,55.25164113785558,0.0,-0.5650052570227949
250,RUBÉN QUINTANILLA,RCD MALLORCA,0,0,0.0,239,0,0.0,566,0,0,78.37037287110228,5.637926011855362,-0.5650052570227949
145,SAMUEL DE ALMEIDA COSTA,RCD MALLORCA,1,28,0.04,137,1,0.04,93,670,869,77.10011507479861,3.214285714285714,0.053120152369664414
250,SERGI DARDER,RCD MALLORCA,0,28,0.0,26,4,0.14,171,504,641,78.62714508580343,0.0,1.598433675850813
250,SIEBE VAN DER HEYDEN,RCD MALLORCA,0,6,0.0,239,0,0.0,435,62,92,67.3913043478261,0.0,-0.5650052570227949
38,VEDAT MURIQI,RCD MALLORCA,5,22,0.23,74,2,0.09,227,312,499,62.525050100200396,20.454545454545453,0.8257769141102386
250,YUZÚN LEY,RCD MALLORCA,0,0,0.0,239,0,0.0,566,0,0,78.37037287110228,5.637926011855362,-0.5650052570227949
145,ABDE EZZALZOULI,REAL BETIS,1,22,0.05,239,0,0.0,326,200,272,73.52941176470588,4.090909090909091,-0.5650052570227949
250,ABNER VINÍCIUS DA SILVA SANTOS,REAL BETIS,0,18,0.0,239,0,0.0,211,438,541,80.96118299445472,0.0,-0.5650052570227949
95,AITOR RUIBAL,REAL BETIS,2,16,0.13,137,1,0.06,253,346,436,79.35779816513761,11.25,0.36218285706589404
250,ANDRÉS GUARDADO,REAL BETIS,0,12,0.0,239,0,0.0,320,247,284,86.97183098591549,0.0,-0.5650052570227949
95,ASSANE DIAO,REAL BETIS,2,18,0.11,239,0,0.0,335,198,254,77.95275590551181,10.0,-0.5650052570227949
47,AYOZE PÉREZ,REAL BETIS,4,23,0.17,137,1,0.04,235,367,472,77.7542372881356,15.652173913043478,0.053120152369664414
250,BORJA IGLESIAS,REAL BETIS,0,11,0.0,137,1,0.09,429,83,100,83.0,0.0,0.8257769141102386
250,CHADI RIAD,REAL BETIS,0,19,0.0,239,0,0.0,103,744,840,88.57142857142857,0.0,-0.5650052570227949
95,CHIMY ÁVILA,REAL BETIS,2,23,0.09,46,3,0.13,286,256,357,71.70868347338936,7.826086956521739,1.4439023235026982
250,CLAUDIO BRAVO,REAL BETIS,0,7,0.0,239,0,0.0,360,156,199,78.39195979899498,0.0,-0.5650052570227949
250,CÉDRIC BAKAMBU,REAL BETIS,0,1,0.0,239,0,0.0,547,4,5,80.0,0.0,-0.5650052570227949
250,DANIEL PÉREZ GUERRERO,REAL BETIS,0,0,0.0,239,0,0.0,566,0,0,78.37037287110228,5.637926011855362,-0.5650052570227949
250,ENRIQUE FERNÁNDEZ,REAL BETIS,0,0,0.0,239,0,0.0,566,0,0,78.37037287110228,5.637926011855362,-0.5650052570227949
250,FRANCISCO BARBOSA VIEITES,REAL BETIS,0,3,0.0,239,0,0.0,464,39,67,58.2089552238806,0.0,-0.5650052570227949
27,FRANCISCO ROMÁN ALARCÓN SUÁREZ,REAL BETIS,6,24,0.25,46,3,0.13,41,955,1110,86.03603603603604,22.5,1.4439023235026982
145,GERMÁN PEZZELLA,REAL BETIS,1,28,0.04,239,0,0.0,28,1122,1307,85.84544758990053,3.214285714285714,-0.5650052570227949
95,GUIDO RODRÍGUEZ,REAL BETIS,2,18,0.11,239,0,0.0,124,662,762,86.8766404199475,10.0,-0.5650052570227949
250,GUILHERME SOUSA CARVALHO FERNANDES,REAL BETIS,0,0,0.0,239,0,0.0,566,0,0,78.37037287110228,5.637926011855362,-0.5650052570227949
250,HÉCTOR BELLERÍN,REAL BETIS,0,19,0.0,239,0,0.0,157,536,676,79.28994082840237,0.0,-0.5650052570227949
145,JOHNNY CARDOSO,REAL BETIS,1,9,0.11,74,2,0.22,300,278,332,83.73493975903614,10.0,2.8346844946357317
250,JUAN CRUZ,REAL BETIS,0,5,0.0,239,0,0.0,517,15,20,75.0,0.0,-0.5650052570227949
250,JUAN MIRANDA,REAL BETIS,0,18,0.0,137,1,0.06,182,521,627,83.09409888357257,0.0,0.36218285706589404
250,LUIZ FELIPE RAMOS MARCHI,REAL BETIS,0,4,0.0,239,0,0.0,385,151,167,90.41916167664671,0.0,-0.5650052570227949
250,LUIZ HENRIQUE ANDRÉ ROSA DA SILVA,REAL BETIS,0,14,0.0,46,3,0.21,368,138,185,74.5945945945946,0.0,2.6801531422876166
250,MARC BARTRA,REAL BETIS,0,3,0.0,239,0,0.0,420,101,116,87.06896551724138,0.0,-0.5650052570227949
95,MARC ROCA,REAL BETIS,2,24,0.08,74,2,0.08,47,915,1080,84.72222222222221,7.5,0.6712455617621238
250,NABIL FEKIR,REAL BETIS,0,12,0.0,74,2,0.17,287,301,354,85.02824858757062,0.0,2.0620277328951575
250,NOBEL MENDY,REAL BETIS,0,0,0.0,239,0,0.0,566,0,0,78.37037287110228,5.637926011855362,-0.5650052570227949
250,PABLO BUSTO,REAL BETIS,0,2,0.0,239,0,0.0,515,16,21,76.19047619047619,0.0,-0.5650052570227949
145,PABLO FORNALS,REAL BETIS,1,8,0.13,74,2,0.25,285,276,359,76.88022284122563,11.25,3.298278551680076
250,PAUL AKOUOKOU,REAL BETIS,0,2,0.0,239,0,0.0,519,16,17,94.11764705882352,0.0,-0.5650052570227949
250,RICARDO VISUS,REAL BETIS,0,2,0.0,239,0,0.0,499,26,34,76.47058823529412,0.0,-0.5650052570227949
250,RODRIGO SÁNCHEZ RODRÍGUEZ,REAL BETIS,0,22,0.0,239,0,0.0,258,356,422,84.36018957345972,0.0,-0.5650052570227949
250,RUI TIAGO DANTAS DA SILVA,REAL BETIS,0,21,0.0,239,0,0.0,168,430,645,66.66666666666666,0.0,-0.5650052570227949
145,SERGI ALTIMIRA,REAL BETIS,1,12,0.08,239,0,0.0,329,243,268,90.67164179104478,7.5,-0.5650052570227949
250,SOKRATIS PAPASTATHOPOULOS,REAL BETIS,0,10,0.0,239,0,0.0,280,325,366,88.79781420765028,0.0,-0.5650052570227949
145,WILLIAM SILVA DE CARVALHO,REAL BETIS,1,17,0.06,46,3,0.18,225,443,502,88.24701195219123,5.294117647058823,2.216559085243272
12,WILLIAN JOSÉ DA SILVA,REAL BETIS,10,26,0.38,46,3,0.12,255,342,433,78.9838337182448,34.61538461538462,1.289370971154583
250,XAVIER PLEGUEZUELO,REAL BETIS,0,0,0.0,239,0,0.0,566,0,0,78.37037287110228,5.637926011855362,-0.5650052570227949
250,YOUSSOUF SABALY,REAL BETIS,0,6,0.0,137,1,0.17,320,248,284,87.32394366197182,0.0,2.0620277328951575
250,ANDRIY LUNIN,REAL MADRID,0,18,0.0,239,0,0.0,232,405,474,85.44303797468355,0.0,-0.5650052570227949
145,ANTONIO RÜDIGER,REAL MADRID,1,26,0.04,239,0,0.0,16,1355,1506,89.9734395750332,3.4615384615384617,-0.5650052570227949
145,ARDA GÜLER,REAL MADRID,1,5,0.2,239,0,0.0,502,28,31,90.32258064516128,18.0,-0.5650052570227949
95,AURÉLIEN TCHOUAMÉNI,REAL MADRID,2,24,0.08,137,1,0.04,27,1212,1315,92.16730038022814,7.5,0.053120152369664414
38,BRAHIM DÍAZ,REAL MADRID,5,25,0.2,46,3,0.12,213,466,538,86.61710037174721,18.0,1.289370971154583
47,DANI CARVAJAL,REAL MADRID,4,23,0.17,74,2,0.09,49,931,1063,87.58231420507995,15.652173913043478,0.8257769141102386
250,DANI CEBALLOS,REAL MADRID,0,14,0.0,137,1,0.07,362,173,196,88.26530612244898,0.0,0.516714209414009
250,DAVID ALABA,REAL MADRID,0,14,0.0,137,1,0.07,90,803,878,91.45785876993166,0.0,0.516714209414009
250,DIEGO PIÑEIRO,REAL MADRID,0,0,0.0,239,0,0.0,566,0,0,78.37037287110228,5.637926011855362,-0.5650052570227949
250,EDGAR PUJOL,REAL MADRID,0,0,0.0,239,0,0.0,566,0,0,78.37037287110228,5.637926011855362,-0.5650052570227949
250,EDUARDO CAMAVINGA,REAL MADRID,0,23,0.0,137,1,0.04,66,875,962,90.95634095634095,0.0,0.053120152369664414
145,FEDERICO VALVERDE,REAL MADRID,1,30,0.03,4,7,0.23,8,1617,1775,91.09859154929578,3.0,2.989215846983847
250,FERLAND MENDY,REAL MADRID,0,20,0.0,239,0,0.0,64,916,972,94.23868312757202,0.0,-0.5650052570227949
250,FRAN GARCÍA,REAL MADRID,0,20,0.0,26,4,0.2,191,531,598,88.79598662207357,0.0,2.5256217899395024
250,FRANCISCO JAVIER GONZÁLEZ PÉREZ,REAL MADRID,0,0,0.0,239,0,0.0,566,0,0,78.37037287110228,5.637926011855362,-0.5650052570227949
250,GONZALO GARCÍA,REAL MADRID,0,2,0.0,239,0,0.0,538,4,7,57.14285714285714,0.0,-0.5650052570227949
250,JACOBO RAMÓN,REAL MADRID,0,0,0.0,239,0,0.0,566,0,0,78.37037287110228,5.637926011855362,-0.5650052570227949
250,JOSÉ IGNACIO FERNÁNDEZ IGLESIAS,REAL MADRID,0,22,0.0,239,0,0.0,83,835,905,92.26519337016575,0.0,-0.5650052570227949
20,JOSÉ LUIS SANMARTÍN MATO,REAL MADRID,8,28,0.29,74,2,0.07,327,204,271,75.27675276752768,25.71428571428571,0.516714209414009
1,JUDE BELLINGHAM,REAL MADRID,16,23,0.7,26,4,0.17,36,1093,1224,89.29738562091504,62.608695652173914,2.0620277328951575
250,KEPA ARRIZABALAGA REVUELTA,REAL MADRID,0,12,0.0,239,0,0.0,292,289,347,83.28530259365994,0.0,-0.5650052570227949
250,LUCAS CAÑIZARES,REAL MADRID,0,0,0.0,239,0,0.0,566,0,0,78.37037287110228,5.637926011855362,-0.5650052570227949
145,LUCAS VÁZQUEZ,REAL MADRID,1,23,0.04,46,3,0.13,155,612,686,89.21282798833819,3.9130434782608696,1.4439023235026982
95,LUKA MODRIC,REAL MADRID,2,25,0.08,26,4,0.16,54,943,1042,90.49904030710174,7.2,1.9074963805470426
250,MARIO DE LUIS,REAL MADRID,0,0,0.0,239,0,0.0,566,0,0,78.37037287110228,5.637926011855362,-0.5650052570227949
250,MARIO MARTÍN,REAL MADRID,0,0,0.0,239,0,0.0,566,0,0,78.37037287110228,5.637926011855362,-0.5650052570227949
250,NICO PAZ,REAL MADRID,0,4,0.0,239,0,0.0,512,18,23,78.26086956521739,0.0,-0.5650052570227949
12,RODRYGO SILVA DE GOES,REAL MADRID,10,30,0.33,14,5,0.17,99,753,841,89.53626634958383,30.0,2.0620277328951575
250,THÉO ZIDANE,REAL MADRID,0,0,0.0,239,0,0.0,566,0,0,78.37037287110228,5.637926011855362,-0.5650052570227949
145,TONI KROOS,REAL MADRID,1,29,0.03,4,7,0.24,3,1959,2074,94.45515911282546,3.103448275862069,3.1437471993319615
250,VINÍCIUS AUGUSTO TOBIAS DA SILVA,REAL MADRID,0,0,0.0,239,0,0.0,566,0,0,78.37037287110228,5.637926011855362,-0.5650052570227949
9,VINÍCIUS JOSÉ PAIXÃO DE OLIVEIRA JÚNIOR,REAL MADRID,12,20,0.6,26,4,0.2,226,391,500,78.2,54.0,2.5256217899395024
250,ÁLVARO CARRILLO,REAL MADRID,0,0,0.0,239,0,0.0,566,0,0,78.37037287110228,5.637926011855362,-0.5650052570227949
250,ÁLVARO RODRÍGUEZ,REAL MADRID,0,1,0.0,239,0,0.0,566,0,0,78.37037287110228,0.0,-0.5650052570227949
250,ÉDER GABRIEL MILITÃO,REAL MADRID,0,2,0.0,239,0,0.0,497,35,36,97.22222222222221,0.0,-0.5650052570227949
250,AIHEN MUÑOZ,REAL SOCIEDAD,0,21,0.0,74,2,0.1,223,391,506,77.27272727272727,0.0,0.9803082664583537
250,AITOR FRAGA,REAL SOCIEDAD,0,0,0.0,239,0,0.0,566,0,0,78.37037287110228,5.637926011855362,-0.5650052570227949
250,ALBERTO DADIE,REAL SOCIEDAD,0,1,0.0,239,0,0.0,543,3,6,50.0,0.0,-0.5650052570227949
66,ANDER BARRENETXEA,REAL SOCIEDAD,3,21,0.14,137,1,0.05,274,270,380,71.05263157894737,12.857142857142856,0.2076515047177793
95,ANDRÉ MIGUEL VALENTE DA SILVA,REAL SOCIEDAD,2,14,0.14,239,0,0.0,413,100,122,81.9672131147541,12.857142857142856,-0.5650052570227949
250,ARITZ ELUSTONDO,REAL SOCIEDAD,0,9,0.0,137,1,0.11,333,227,257,88.32684824902724,0.0,1.1348396188064682
145,ARSEN ZAKHARYAN,REAL SOCIEDAD,1,21,0.05,74,2,0.1,306,237,319,74.29467084639498,4.285714285714286,0.9803082664583537
250,BEÑAT TURRIENTES,REAL SOCIEDAD,0,21,0.0,137,1,0.05,270,329,388,84.79381443298969,0.0,0.2076515047177793
47,BRAIS MÉNDEZ,REAL SOCIEDAD,4,27,0.15,14,5,0.19,69,759,946,80.23255813953489,13.333333333333332,2.3710904375913873
250,BRYAN FIABEMA,REAL SOCIEDAD,0,0,0.0,239,0,0.0,566,0,0,78.37037287110228,5.637926011855362,-0.5650052570227949
95,CARLOS FERNÁNDEZ,REAL SOCIEDAD,2,10,0.2,137,1,0.1,448,44,82,53.65853658536586,18.0,0.9803082664583537
250,GAIZKA AYESA,REAL SOCIEDAD,0,0,0.0,239,0,0.0,566,0,0,78.37037287110228,5.637926011855362,-0.5650052570227949
250,HAMARI TRAORÉ,REAL SOCIEDAD,0,25,0.0,74,2,0.08,57,874,1030,84.85436893203884,0.0,0.6712455617621238
250,IGOR ZUBELDIA,REAL SOCIEDAD,0,28,0.0,74,2,0.07,10,1372,1624,84.48275862068965,0.0,0.516714209414009
250,IÑAKI RUPÉREZ,REAL SOCIEDAD,0,0,0.0,239,0,0.0,566,0,0,78.37037287110228,5.637926011855362,-0.5650052570227949
250,JAVI GALÁN,REAL SOCIEDAD,0,14,0.0,239,0,0.0,284,297,363,81.81818181818183,0.0,-0.5650052570227949
250,JON ARAMBURU,REAL SOCIEDAD,0,6,0.0,239,0,0.0,357,175,209,83.73205741626795,0.0,-0.5650052570227949
250,JON MAGUNAZELAIA,REAL SOCIEDAD,0,5,0.0,239,0,0.0,489,30,42,71.42857142857143,0.0,-0.5650052570227949
250,JON MARTÍN,REAL SOCIEDAD,0,0,0.0,239,0,0.0,566,0,0,78.37037287110228,5.637926011855362,-0.5650052570227949
250,JON OLASAGASTI,REAL SOCIEDAD,0,12,0.0,239,0,0.0,393,116,153,75.81699346405229,0.0,-0.5650052570227949
145,JON PACHECO,REAL SOCIEDAD,1,16,0.06,137,1,0.06,132,646,744,86.82795698924731,5.625,0.36218285706589404
250,KIERAN TIERNEY,REAL SOCIEDAD,0,15,0.0,74,2,0.13,203,441,557,79.17414721723519,0.0,1.4439023235026982
47,MARTÍN ZUBIMENDI,REAL SOCIEDAD,4,29,0.14,137,1,0.03,21,1230,1426,86.25525946704067,12.413793103448276,-0.10141119997845045
47,MIKEL MERINO,REAL SOCIEDAD,4,25,0.16,46,3,0.12,56,790,1031,76.62463627546072,14.4,1.289370971154583
20,MIKEL OYARZABAL,REAL SOCIEDAD,8,25,0.32,74,2,0.08,276,292,378,77.24867724867724,28.8,0.6712455617621238
250,MOHAMED-ALI CHO,REAL SOCIEDAD,0,11,0.0,239,0,0.0,477,37,55,67.27272727272727,0.0,-0.5650052570227949
250,PABLO MARÍN,REAL SOCIEDAD,0,0,0.0,239,0,0.0,566,0,0,78.37037287110228,5.637926011855362,-0.5650052570227949
95,ROBIN LE NORMAND,REAL SOCIEDAD,2,23,0.09,239,0,0.0,23,1215,1369,88.7509130752374,7.826086956521739,-0.5650052570227949
250,SHERALDO BECKER,REAL SOCIEDAD,0,7,0.0,239,0,0.0,445,61,83,73.49397590361446,0.0,-0.5650052570227949
24,TAKEFUSA KUBO,REAL SOCIEDAD,7,23,0.3,46,3,0.13,204,449,556,80.75539568345323,27.39130434782609,1.4439023235026982
66,UMAR SADIQ,REAL SOCIEDAD,3,25,0.12,137,1,0.04,375,128,178,71.91011235955057,10.799999999999999,0.053120152369664414
250,UNAI MARRERO,REAL SOCIEDAD,0,2,0.0,239,0,0.0,492,23,40,57.49999999999999,0.0,-0.5650052570227949
250,URKO GONZÁLEZ,REAL SOCIEDAD,0,4,0.0,239,0,0.0,442,67,85,78.82352941176471,0.0,-0.5650052570227949
250,ÁLEX REMIRO,REAL SOCIEDAD,0,29,0.0,239,0,0.0,87,667,882,75.62358276643991,0.0,-0.5650052570227949
250,ÁLVARO ODRIOZOLA,REAL SOCIEDAD,0,4,0.0,239,0,0.0,487,39,44,88.63636363636364,0.0,-0.5650052570227949
250,ADNAN JANUZAJ,SEVILLA FC,0,8,0.0,239,0,0.0,453,64,77,83.11688311688312,0.0,-0.5650052570227949
145,ADRIÀ PEDROSA,SEVILLA FC,1,26,0.04,26,4,0.15,201,437,560,78.03571428571429,3.4615384615384617,1.7529650281989277
250,ALBERTO FLORES,SEVILLA FC,0,0,0.0,239,0,0.0,566,0,0,78.37037287110228,5.637926011855362,-0.5650052570227949
250,ALEJANDRO DARÍO GÓMEZ VILLAVERDE,SEVILLA FC,0,0,0.0,239,0,0.0,566,0,0,78.37037287110228,5.637926011855362,-0.5650052570227949
250,ALEJO VÉLIZ,SEVILLA FC,0,3,0.0,239,0,0.0,543,4,6,66.66666666666666,0.0,-0.5650052570227949
250,BOUBAKARY SOUMARÉ,SEVILLA FC,0,21,0.0,239,0,0.0,78,835,926,90.17278617710583,0.0,-0.5650052570227949
250,DARÍO BENAVIDES,SEVILLA FC,0,0,0.0,239,0,0.0,566,0,0,78.37037287110228,5.637926011855362,-0.5650052570227949
250,DIEGO HORMIGO,SEVILLA FC,0,1,0.0,239,0,0.0,532,6,9,66.66666666666666,0.0,-0.5650052570227949
145,DJIBRIL SOW,SEVILLA FC,1,24,0.04,137,1,0.04,158,579,675,85.77777777777777,3.75,0.053120152369664414
66,DODI LUKÉBAKIO,SEVILLA FC,3,15,0.2,137,1,0.07,342,203,244,83.19672131147541,18.0,0.516714209414009
250,FEDERICO GATTONI,SEVILLA FC,0,2,0.0,239,0,0.0,533,6,8,75.0,0.0,-0.5650052570227949
250,FERNANDO FRANCISCO REGES,SEVILLA FC,0,8,0.0,239,0,0.0,347,206,236,87.28813559322035,0.0,-0.5650052570227949
250,GONZALO MONTIEL,SEVILLA FC,0,0,0.0,239,0,0.0,566,0,0,78.37037287110228,5.637926011855362,-0.5650052570227949
250,HANNIBAL MEJBRI,SEVILLA FC,0,4,0.0,239,0,0.0,494,33,39,84.61538461538461,0.0,-0.5650052570227949
250,IBRAHIMA SOW,SEVILLA FC,0,0,0.0,239,0,0.0,566,0,0,78.37037287110228,5.637926011855362,-0.5650052570227949
66,ISAAC ROMERO,SEVILLA FC,3,11,0.27,26,4,0.36,377,132,176,75.0,24.545454545454543,4.99812342750934
95,IVAN RAKITIC,SEVILLA FC,2,18,0.11,137,1,0.06,73,762,936,81.41025641025641,10.0,0.36218285706589404
250,JESÚS CORONA,SEVILLA FC,0,2,0.0,239,0,0.0,528,9,12,75.0,0.0,-0.5650052570227949
145,JESÚS JOAQUÍN FERNÁNDEZ SÁENZ DE LA TORRE,SEVILLA FC,1,24,0.04,46,3,0.13,176,540,635,85.03937007874016,3.75,1.4439023235026982
250,JESÚS NAVAS,SEVILLA FC,0,22,0.0,239,0,0.0,133,563,733,76.80763983628923,0.0,-0.5650052570227949
250,JOAN JORDÁN,SEVILLA FC,0,6,0.0,239,0,0.0,348,199,227,87.66519823788546,0.0,-0.5650052570227949
250,JUANLU SÁNCHEZ,SEVILLA FC,0,21,0.0,74,2,0.1,238,389,469,82.94243070362474,0.0,0.9803082664583537
95,KIKE SALAS,SEVILLA FC,2,16,0.13,239,0,0.0,162,517,664,77.86144578313254,11.25,-0.5650052570227949
250,LOÏC BADÉ,SEVILLA FC,0,21,0.0,137,1,0.05,74,759,934,81.26338329764454,0.0,0.2076515047177793
47,LUCAS OCAMPOS,SEVILLA FC,4,27,0.15,74,2,0.07,135,525,731,71.81942544459645,13.333333333333332,0.516714209414009
250,LUCIEN AGOUMÉ,SEVILLA FC,0,4,0.0,239,0,0.0,440,68,88,77.27272727272727,0.0,-0.5650052570227949
250,LUIS DASILVA RODRÍGUEZ,SEVILLA FC,0,0,0.0,239,0,0.0,566,0,0,78.37037287110228,5.637926011855362,-0.5650052570227949
250,MANU BUENO,SEVILLA FC,0,2,0.0,239,0,0.0,522,13,15,86.66666666666667,0.0,-0.5650052570227949
250,MARCOS ACUÑA,SEVILLA FC,0,15,0.0,137,1,0.07,242,369,453,81.45695364238411,0.0,0.516714209414009
250,MARCOS DO NASCIMENTO TEIXEIRA,SEVILLA FC,0,6,0.0,239,0,0.0,371,164,181,90.60773480662984,0.0,-0.5650052570227949
250,MARIANO DÍAZ,SEVILLA FC,0,6,0.0,239,0,0.0,489,28,42,66.66666666666666,0.0,-0.5650052570227949
250,MARKO DMITROVIC,SEVILLA FC,0,13,0.0,239,0,0.0,303,222,323,68.73065015479877,0.0,-0.5650052570227949
250,MATÍAS ÁRBOL,SEVILLA FC,0,0,0.0,239,0,0.0,566,0,0,78.37037287110228,5.637926011855362,-0.5650052570227949
250,MIGUEL JIMÉNEZ CAPITAS,SEVILLA FC,0,0,0.0,239,0,0.0,566,0,0,78.37037287110228,5.637926011855362,-0.5650052570227949
145,NEMANJA GUDELJ,SEVILLA FC,1,19,0.05,239,0,0.0,77,802,930,86.23655913978494,4.7368421052631575,-0.5650052570227949
95,RAFA MIR,SEVILLA FC,2,15,0.13,239,0,0.0,442,60,85,70.58823529411765,12.0,-0.5650052570227949
250,RAFAEL ROMERO,SEVILLA FC,0,0,0.0,239,0,0.0,566,0,0,78.37037287110228,5.637926011855362,-0.5650052570227949
66,SERGIO RAMOS,SEVILLA FC,3,20,0.15,239,0,0.0,48,948,1074,88.26815642458101,13.5,-0.5650052570227949
250,STANIS IDUMBO MUZAMBO,SEVILLA FC,0,0,0.0,239,0,0.0,566,0,0,78.37037287110228,5.637926011855362,-0.5650052570227949
250,TANGUY NIANZOU,SEVILLA FC,0,6,0.0,239,0,0.0,416,105,119,88.23529411764706,0.0,-0.5650052570227949
250,XAVI SINTES,SEVILLA FC,0,0,0.0,239,0,0.0,566,0,0,78.37037287110228,5.637926011855362,-0.5650052570227949
250,YASSINE BOUNOU,SEVILLA FC,0,1,0.0,239,0,0.0,508,16,27,59.25925925925925,0.0,-0.5650052570227949
12,YOUSSEF EN-NESYRI,SEVILLA FC,10,25,0.4,137,1,0.04,354,140,221,63.348416289592755,36.0,0.053120152369664414
95,ÉRIK LAMELA,SEVILLA FC,2,10,0.2,239,0,0.0,413,106,122,86.88524590163934,18.0,-0.5650052570227949
250,ÓLIVER TORRES,SEVILLA FC,0,25,0.0,137,1,0.04,131,621,747,83.13253012048193,0.0,0.053120152369664414
250,ØRJAN NYLAND,SEVILLA FC,0,16,0.0,239,0,0.0,254,229,435,52.643678160919535,0.0,-0.5650052570227949
145,ADRI EMBARBA,UD ALMERÍA,1,28,0.04,239,0,0.0,197,426,574,74.21602787456446,3.214285714285714,-0.5650052570227949
250,ALEKSANDAR RADOVANOVIC,UD ALMERÍA,0,7,0.0,239,0,0.0,382,159,170,93.52941176470588,0.0,-0.5650052570227949
250,ANTHONY LOZANO,UD ALMERÍA,0,12,0.0,239,0,0.0,445,58,83,69.87951807228916,0.0,-0.5650052570227949
250,ARNAU PUIGMAL,UD ALMERÍA,0,11,0.0,239,0,0.0,459,57,74,77.02702702702703,0.0,-0.5650052570227949
250,ARVIN APPIAH,UD ALMERÍA,0,0,0.0,239,0,0.0,566,0,0,78.37037287110228,5.637926011855362,-0.5650052570227949
250,BRUNO ALBERTO LANGA,UD ALMERÍA,0,5,0.0,239,0,0.0,423,77,110,70.0,0.0,-0.5650052570227949
250,BRUNO IRIBARNE,UD ALMERÍA,0,0,0.0,239,0,0.0,566,0,0,78.37037287110228,5.637926011855362,-0.5650052570227949
250,CÉSAR MONTES,UD ALMERÍA,0,16,0.0,239,0,0.0,134,559,732,76.36612021857924,0.0,-0.5650052570227949
250,DIEGO MARIÑO,UD ALMERÍA,0,1,0.0,239,0,0.0,515,17,21,80.95238095238095,0.0,-0.5650052570227949
250,DION LOPY,UD ALMERÍA,0,27,0.0,239,0,0.0,121,653,777,84.04118404118404,0.0,-0.5650052570227949
95,EDGAR GONZÁLEZ,UD ALMERÍA,2,25,0.08,239,0,0.0,44,932,1092,85.34798534798534,7.2,-0.5650052570227949
250,FERNANDO MARTÍNEZ,UD ALMERÍA,0,2,0.0,239,0,0.0,461,40,69,57.971014492753625,0.0,-0.5650052570227949
250,GONZALO MELERO,UD ALMERÍA,0,23,0.0,137,1,0.04,275,314,379,82.84960422163589,0.0,0.053120152369664414
250,GUILHERME BORGES GUEDES,UD ALMERÍA,0,0,0.0,239,0,0.0,566,0,0,78.37037287110228,5.637926011855362,-0.5650052570227949
250,HOUBOULANG MENDES,UD ALMERÍA,0,7,0.0,239,0,0.0,419,87,118,73.72881355932203,0.0,-0.5650052570227949
250,IBRAHIMA KONÉ,UD ALMERÍA,0,8,0.0,239,0,0.0,483,33,49,67.3469387755102,0.0,-0.5650052570227949
250,IDDRISU BABA,UD ALMERÍA,0,23,0.0,239,0,0.0,173,533,638,83.5423197492163,0.0,-0.5650052570227949
95,JONATHAN VIERA,UD ALMERÍA,2,15,0.13,46,3,0.2,145,629,703,89.47368421052632,12.0,2.5256217899395024
250,JUAN BRANDÁRIZ MOVILLA,UD ALMERÍA,0,23,0.0,137,1,0.04,109,704,812,86.69950738916256,0.0,0.053120152369664414
145,KAIKY FERNANDES MELO,UD ALMERÍA,1,8,0.13,239,0,0.0,331,216,261,82.75862068965517,11.25,-0.5650052570227949
66,LARGIE RAMAZANI,UD ALMERÍA,3,27,0.11,14,5,0.19,317,185,289,64.01384083044984,10.0,2.3710904375913873
38,LEONARDO MICALI CARRILHO BAPTISTÃO,UD ALMERÍA,5,24,0.21,239,0,0.0,291,220,348,63.2183908045977,18.75,-0.5650052570227949
250,LUCAS ROBERTONE,UD ALMERÍA,0,26,0.0,14,5,0.19,67,787,960,81.97916666666667,0.0,2.3710904375913873
47,LUIS SUÁREZ,UD ALMERÍA,4,10,0.4,239,0,0.0,398,112,143,78.32167832167832,36.0,-0.5650052570227949
95,LUKA ROMERO,UD ALMERÍA,2,6,0.33,239,0,0.0,456,70,76,92.10526315789474,30.0,-0.5650052570227949
250,LUÍS MANUEL ARANTES MAXIMIANO,UD ALMERÍA,0,27,0.0,239,0,0.0,84,550,904,60.84070796460177,0.0,-0.5650052570227949
250,LÁZARO VINÍCIUS MARQUES,UD ALMERÍA,0,14,0.0,239,0,0.0,444,65,84,77.38095238095238,0.0,-0.5650052570227949
145,MARC PUBILL,UD ALMERÍA,1,16,0.06,137,1,0.06,233,362,473,76.53276955602537,5.625,0.36218285706589404
250,MARCIANO SANCA TCHAMI,UD ALMERÍA,0,6,0.0,239,0,0.0,512,14,23,60.86956521739131,0.0,-0.5650052570227949
250,MARCOS PEÑA,UD ALMERÍA,0,2,0.0,239,0,0.0,481,44,50,88.0,0.0,-0.5650052570227949
145,MARKO MILOVANOVIC,UD ALMERÍA,1,11,0.09,239,0,0.0,464,43,67,64.17910447761194,8.181818181818182,-0.5650052570227949
250,MARTIN SVIDERSKY,UD ALMERÍA,0,0,0.0,239,0,0.0,566,0,0,78.37037287110228,5.637926011855362,-0.5650052570227949
250,PACO SANZ,UD ALMERÍA,0,0,0.0,239,0,0.0,566,0,0,78.37037287110228,5.637926011855362,-0.5650052570227949
250,RACHAD FETTAL,UD ALMERÍA,0,1,0.0,239,0,0.0,547,4,5,80.0,0.0,-0.5650052570227949
95,SERGIO AKIEME,UD ALMERÍA,2,19,0.11,239,0,0.0,193,474,594,79.7979797979798,9.473684210526315,-0.5650052570227949
27,SERGIO ARRIBAS,UD ALMERÍA,6,29,0.21,46,3,0.1,207,453,550,82.36363636363636,18.620689655172413,0.9803082664583537
250,SRDJAN BABIC,UD ALMERÍA,0,1,0.0,239,0,0.0,470,58,62,93.54838709677419,0.0,-0.5650052570227949
250,ÁLEX CENTELLES,UD ALMERÍA,0,10,0.0,137,1,0.1,305,237,321,73.83177570093457,0.0,0.9803082664583537
250,ÁLEX POZO,UD ALMERÍA,0,17,0.0,239,0,0.0,271,297,385,77.14285714285715,0.0,-0.5650052570227949
250,AARÓN ESCANDELL,UD LAS PALMAS,0,1,0.0,239,0,0.0,502,16,31,51.61290322580645,0.0,-0.5650052570227949
95,ALBERTO MOLEIRO,UD LAS PALMAS,2,20,0.1,46,3,0.15,248,361,450,80.22222222222221,9.0,1.7529650281989277
250,ALEJANDRO GONZÁLEZ GORRIN,UD LAS PALMAS,0,0,0.0,239,0,0.0,566,0,0,78.37037287110228,5.637926011855362,-0.5650052570227949
145,BENITO RAMÍREZ,UD LAS PALMAS,1,15,0.07,239,0,0.0,431,77,98,78.57142857142857,6.0,-0.5650052570227949
145,CRISTIAN HERRERA,UD LAS PALMAS,1,7,0.14,239,0,0.0,437,84,91,92.3076923076923,12.857142857142856,-0.5650052570227949
250,DALEY SINKGRAVEN,UD LAS PALMAS,0,7,0.0,239,0,0.0,385,146,167,87.42514970059881,0.0,-0.5650052570227949
250,ENZO LOIODICE,UD LAS PALMAS,0,29,0.0,239,0,0.0,80,766,917,83.53326063249727,0.0,-0.5650052570227949
250,ERIC CURBELO,UD LAS PALMAS,0,1,0.0,239,0,0.0,478,51,53,96.22641509433963,0.0,-0.5650052570227949
250,FABIO GONZÁLEZ,UD LAS PALMAS,0,2,0.0,239,0,0.0,538,7,7,100.0,0.0,-0.5650052570227949
95,FRANCISCO JESÚS CRESPO,UD LAS PALMAS,2,15,0.13,239,0,0.0,374,144,179,80.44692737430168,12.0,-0.5650052570227949
250,IÑAKI GONZÁLEZ,UD LAS PALMAS,0,1,0.0,239,0,0.0,553,4,4,100.0,0.0,-0.5650052570227949
95,JAVI MUÑOZ,UD LAS PALMAS,2,29,0.07,46,3,0.1,61,833,1011,82.39366963402571,6.206896551724138,0.9803082664583537
250,JOSÉ ÁNGEL GÓMEZ CAMPAÑA,UD LAS PALMAS,0,4,0.0,239,0,0.0,423,93,110,84.54545454545455,0.0,-0.5650052570227949
145,JUAN HERZOG,UD LAS PALMAS,1,3,0.33,239,0,0.0,406,116,134,86.56716417910447,30.0,-0.5650052570227949
145,JULIÁN ARAUJO,UD LAS PALMAS,1,22,0.05,239,0,0.0,189,507,605,83.80165289256199,4.090909090909091,-0.5650052570227949
27,KIRIAN RODRÍGUEZ,UD LAS PALMAS,6,29,0.21,74,2,0.07,1,2082,2327,89.47142243231629,18.620689655172413,0.516714209414009
66,MARC CARDONA,UD LAS PALMAS,3,21,0.14,137,1,0.05,371,139,181,76.79558011049724,12.857142857142856,0.2076515047177793
250,MARVIN OLAWALE AKINLABI PARK,UD LAS PALMAS,0,25,0.0,74,2,0.08,233,385,473,81.3953488372093,0.0,0.6712455617621238
250,MIKA MÁRMOL,UD LAS PALMAS,0,28,0.0,137,1,0.04,4,1785,1997,89.38407611417125,0.0,0.053120152369664414
66,MUNIR EL HADDADI,UD LAS PALMAS,3,30,0.1,137,1,0.03,186,496,611,81.17839607201309,9.0,-0.10141119997845045
250,MÁXIMO PERRONE,UD LAS PALMAS,0,24,0.0,239,0,0.0,44,987,1092,90.38461538461539,0.0,-0.5650052570227949
250,OMENUKE MFULU,UD LAS PALMAS,0,5,0.0,239,0,0.0,472,53,60,88.33333333333333,0.0,-0.5650052570227949
250,PAU FERRER BESALDUCH,UD LAS PALMAS,0,0,0.0,239,0,0.0,566,0,0,78.37037287110228,5.637926011855362,-0.5650052570227949
145,SANDRO RAMÍREZ,UD LAS PALMAS,1,19,0.05,46,3,0.16,250,369,447,82.5503355704698,4.7368421052631575,1.9074963805470426
145,SAÚL COCO,UD LAS PALMAS,1,23,0.04,239,0,0.0,46,970,1089,89.07254361799816,3.9130434782608696,-0.5650052570227949
145,SERGI CARDONA,UD LAS PALMAS,1,29,0.03,74,2,0.07,17,1224,1492,82.03753351206434,3.103448275862069,0.516714209414009
145,SORY KABA,UD LAS PALMAS,1,14,0.07,137,1,0.07,406,95,134,70.8955223880597,6.428571428571428,0.516714209414009
145,ÁLEX SUÁREZ,UD LAS PALMAS,1,24,0.04,239,0,0.0,42,957,1101,86.92098092643052,3.75,-0.5650052570227949
250,ÁLVARO KILLANE,UD LAS PALMAS,0,0,0.0,239,0,0.0,566,0,0,78.37037287110228,5.637926011855362,-0.5650052570227949
250,ÁLVARO LEMOS,UD LAS PALMAS,0,3,0.0,239,0,0.0,420,96,116,82.75862068965517,0.0,-0.5650052570227949
250,ÁLVARO VALLÉS,UD LAS PALMAS,0,30,0.0,239,0,0.0,19,1143,1448,78.9364640883978,0.0,-0.5650052570227949
250,ALBERTO MARÍ,VALENCIA CF,0,9,0.0,137,1,0.11,512,10,23,43.47826086956522,0.0,1.1348396188064682
250,CENK ÖZKACAR,VALENCIA CF,0,16,0.0,239,0,0.0,183,508,622,81.67202572347267,0.0,-0.5650052570227949
250,CRISTHIAN MOSQUERA,VALENCIA CF,0,28,0.0,239,0,0.0,37,1072,1214,88.30313014827018,0.0,-0.5650052570227949
250,CRISTIAN RIVERO,VALENCIA CF,0,0,0.0,239,0,0.0,566,0,0,78.37037287110228,5.637926011855362,-0.5650052570227949
250,CÉSAR TÁRREGA,VALENCIA CF,0,1,0.0,239,0,0.0,547,5,5,100.0,0.0,-0.5650052570227949
250,DAVID OTORBI,VALENCIA CF,0,0,0.0,239,0,0.0,566,0,0,78.37037287110228,5.637926011855362,-0.5650052570227949
66,DIEGO LÓPEZ,VALENCIA CF,3,28,0.11,14,5,0.18,207,369,550,67.0909090909091,9.642857142857142,2.216559085243272
250,DIMITRI FOULQUIER,VALENCIA CF,0,26,0.0,239,0,0.0,181,452,628,71.97452229299363,0.0,-0.5650052570227949
145,DOMINGOS ANDRÉ RIBEIRO ALMEIDA,VALENCIA CF,1,10,0.1,137,1,0.1,360,159,199,79.89949748743719,9.0,0.9803082664583537
145,FRAN PÉREZ,VALENCIA CF,1,30,0.03,26,4,0.13,224,403,503,80.11928429423459,3.0,1.4439023235026982
250,GIORGI MAMARDASHVILI,VALENCIA CF,0,30,0.0,239,0,0.0,125,356,761,46.78055190538765,0.0,-0.5650052570227949
9,HUGO DURO,VALENCIA CF,12,30,0.4,74,2,0.07,240,339,458,74.0174672489083,36.0,0.516714209414009
250,HUGO GONZÁLEZ,VALENCIA CF,0,7,0.0,137,1,0.14,521,13,16,81.25,0.0,1.598433675850813
145,HUGO GUILLAMÓN,VALENCIA CF,1,21,0.05,239,0,0.0,209,447,549,81.4207650273224,4.285714285714286,-0.5650052570227949
250,JAUME DOMÈNECH,VALENCIA CF,0,0,0.0,239,0,0.0,566,0,0,78.37037287110228,5.637926011855362,-0.5650052570227949
47,JAVI GUERRA,VALENCIA CF,4,28,0.14,137,1,0.04,141,533,716,74.4413407821229,12.857142857142856,0.053120152369664414
145,JESÚS VÁZQUEZ,VALENCIA CF,1,16,0.06,239,0,0.0,429,60,100,60.0,5.625,-0.5650052570227949
145,JOSÉ GAYÀ,VALENCIA CF,1,22,0.05,74,2,0.09,120,618,779,79.33247753530168,4.090909090909091,0.8257769141102386
47,JOSÉ LUIS GARCÍA VAYÁ,VALENCIA CF,4,30,0.13,137,1,0.03,12,1318,1616,81.55940594059405,12.0,-0.10141119997845045
250,MARCO CAMUS,VALENCIA CF,0,0,0.0,239,0,0.0,566,0,0,78.37037287110228,5.637926011855362,-0.5650052570227949
250,MARIO DOMÍNGUEZ,VALENCIA CF,0,3,0.0,239,0,0.0,553,4,4,100.0,0.0,-0.5650052570227949
250,MARTÍN TEJÓN,VALENCIA CF,0,0,0.0,239,0,0.0,566,0,0,78.37037287110228,5.637926011855362,-0.5650052570227949
145,MOUCTAR DIAKHABY,VALENCIA CF,1,14,0.07,239,0,0.0,210,475,545,87.1559633027523,6.428571428571428,-0.5650052570227949
250,PABLO GOZÁLBEZ,VALENCIA CF,0,5,0.0,239,0,0.0,505,16,30,53.333333333333336,0.0,-0.5650052570227949
250,PETER GONZÁLEZ,VALENCIA CF,0,7,0.0,239,0,0.0,485,30,46,65.21739130434783,0.0,-0.5650052570227949
66,ROMAN YAREMCHUK,VALENCIA CF,3,21,0.14,239,0,0.0,380,120,173,69.36416184971098,12.857142857142856,-0.5650052570227949
250,RUBÉN IRANZO,VALENCIA CF,0,0,0.0,239,0,0.0,566,0,0,78.37037287110228,5.637926011855362,-0.5650052570227949
250,SELIM AMALLAH,VALENCIA CF,0,17,0.0,137,1,0.06,392,118,156,75.64102564102564,0.0,0.36218285706589404
145,SERGI CANÓS,VALENCIA CF,1,20,0.05,74,2,0.1,339,165,248,66.53225806451613,4.5,0.9803082664583537
250,THIERRY RENDALL CORREIA,VALENCIA CF,0,23,0.0,74,2,0.09,111,608,805,75.527950310559,0.0,0.8257769141102386
250,YAREK GASIOROWSKI,VALENCIA CF,0,9,0.0,239,0,0.0,435,71,92,77.17391304347827,0.0,-0.5650052570227949
250,ABRAHAM DEL MORAL,VILLARREAL CF,0,0,0.0,239,0,0.0,566,0,0,78.37037287110228,5.637926011855362,-0.5650052570227949
250,ADRIÀ ALTI,VILLARREAL CF,0,11,0.0,239,0,0.0,266,334,400,83.5,0.0,-0.5650052570227949
145,ALBERTO MORENO,VILLARREAL CF,1,22,0.05,137,1,0.05,242,376,453,83.00220750551877,4.090909090909091,0.2076515047177793
5,ALEXANDER SØRLOTH,VILLARREAL CF,14,26,0.54,14,5,0.19,296,253,339,74.63126843657817,48.46153846153846,2.3710904375913873
145,ALFONSO PEDRAZA,VILLARREAL CF,1,15,0.07,74,2,0.13,273,303,381,79.52755905511812,6.0,1.4439023235026982
145,AÏSSA MANDI,VILLARREAL CF,1,14,0.07,239,0,0.0,183,572,622,91.96141479099678,6.428571428571428,-0.5650052570227949
250,BEN BRERETON,VILLARREAL CF,0,14,0.0,239,0,0.0,461,54,69,78.26086956521739,0.0,-0.5650052570227949
250,BERTRAND TRAORÉ,VILLARREAL CF,0,5,0.0,239,0,0.0,453,66,77,85.71428571428571,0.0,-0.5650052570227949
250,CARLOS ROMERO,VILLARREAL CF,0,7,0.0,239,0,0.0,416,87,119,73.10924369747899,0.0,-0.5650052570227949
95,DANI PAREJO,VILLARREAL CF,2,25,0.08,26,4,0.16,22,1276,1411,90.43231750531537,7.2,1.9074963805470426
250,DANIEL BUDESCA,VILLARREAL CF,0,0,0.0,239,0,0.0,566,0,0,78.37037287110228,5.637926011855362,-0.5650052570227949
250,DENIS SUÁREZ,VILLARREAL CF,0,4,0.0,239,0,0.0,439,76,89,85.39325842696628,0.0,-0.5650052570227949
250,ERIC BAILLY,VILLARREAL CF,0,7,0.0,239,0,0.0,341,214,246,86.99186991869918,0.0,-0.5650052570227949
250,FILIP JØRGENSEN,VILLARREAL CF,0,29,0.0,239,0,0.0,85,674,886,76.07223476297969,0.0,-0.5650052570227949
250,FRANCIS COQUELIN,VILLARREAL CF,0,12,0.0,239,0,0.0,309,270,309,87.37864077669903,0.0,-0.5650052570227949
12,GERARD MORENO,VILLARREAL CF,10,27,0.37,26,4,0.15,90,697,878,79.38496583143508,33.33333333333333,1.7529650281989277
95,GONÇALO MANUEL GANCHINHO GUEDES,VILLARREAL CF,2,9,0.22,74,2,0.22,397,118,148,79.72972972972973,20.0,2.8346844946357317
250,IKER ÁLVAREZ,VILLARREAL CF,0,0,0.0,239,0,0.0,566,0,0,78.37037287110228,5.637926011855362,-0.5650052570227949
145,ILIAS AKHOMACH,VILLARREAL CF,1,23,0.04,74,2,0.09,299,267,334,79.94011976047905,3.9130434782608696,0.8257769141102386
66,JORGE CUENCA,VILLARREAL CF,3,23,0.13,239,0,0.0,76,788,932,84.54935622317596,11.739130434782608,-0.5650052570227949
250,JORGE PASCUAL,VILLARREAL CF,0,1,0.0,239,0,0.0,547,4,5,80.0,0.0,-0.5650052570227949
27,JOSÉ LUÍS MORALES,VILLARREAL CF,6,23,0.26,239,0,0.0,388,126,166,75.90361445783132,23.478260869565215,-0.5650052570227949
145,JUAN FOYTH,VILLARREAL CF,1,12,0.08,137,1,0.08,196,477,575,82.95652173913044,7.5,0.6712455617621238
250,KIKO FEMENÍA,VILLARREAL CF,0,16,0.0,239,0,0.0,200,471,562,83.80782918149467,0.0,-0.5650052570227949
250,MANU TRIGUEROS,VILLARREAL CF,0,11,0.0,239,0,0.0,422,93,111,83.78378378378379,0.0,-0.5650052570227949
250,MATTEO GABBIA,VILLARREAL CF,0,7,0.0,239,0,0.0,313,267,298,89.59731543624162,0.0,-0.5650052570227949
250,PEPE REINA,VILLARREAL CF,0,1,0.0,239,0,0.0,502,23,31,74.19354838709677,0.0,-0.5650052570227949
250,RAMON TERRATS,VILLARREAL CF,0,14,0.0,137,1,0.07,320,240,284,84.50704225352112,0.0,0.516714209414009
250,RAÚL ALBIOL,VILLARREAL CF,0,22,0.0,137,1,0.05,50,913,1061,86.05089538171536,0.0,0.2076515047177793
95,SANTI COMESAÑA,VILLARREAL CF,2,21,0.1,239,0,0.0,179,555,634,87.53943217665615,8.571428571428571,-0.5650052570227949
250,STEFAN LEKOVIC,VILLARREAL CF,0,1,0.0,239,0,0.0,524,12,14,85.71428571428571,0.0,-0.5650052570227949
250,YEREMY PINO,VILLARREAL CF,0,7,0.0,239,0,0.0,391,131,158,82.91139240506328,0.0,-0.5650052570227949
250,YERSON MOSQUERA,VILLARREAL CF,0,8,0.0,239,0,0.0,316,240,290,82.75862068965517,0.0,-0.5650052570227949
95,ÁLEX BAENA,VILLARREAL CF,2,27,0.07,1,9,0.33,116,619,793,78.0580075662043,6.666666666666666,4.534529370464996
145,ÉTIENNE CAPOUE,VILLARREAL CF,1,28,0.04,137,1,0.04,128,655,755,86.75496688741721,3.214285714285714,0.053120152369664414
